Before,After
20,20
,3
,3
,1
16,17
6,6
30,29
1,1
1,1
1,1
1,1
3,4
14,13
15,15
7,7
5,5
4,4
11,11
7,7
13,13
7,7
7,7
20,20
2,2
16,16
8,9
27,26
24,25
5,5
3,3
4,4
3,3
8,8
5,5
18,19
13,13
3,3
4,4
13,12
10,10
1,1
1,1
10,10
14,15
4,5
11,11
6,7
12,12
7,7
14,14
8,8
5,5
5,5
5,5
64,64
3,3
1,1
1,1
2,2
7,7
2,2
8,8
2,2
1,1
2,2
2,2
26,26
50,48
5,5
2,2
7,7
2,2
5,4
8,8
28,28
,21
,3
,2
,1
28,
4,
1,
2,
22,22
71,72
6,6
14,14
10,
8,7
3,3
18,23
12,12
11,11
16,16
0,0
2,1
17,21
3,3
3,3
3,4
22,22
3,3
18,18
5,5
5,5
29,29
24,25
,1
,1
6,6
1,
25,25
8,8
9,9
11,11
31,31
4,4
7,7
17,15
4,10
1,1
25,28
12,12
1,1
16,16
5,4
21,20
1,1
20,19
27,26
14,14
8,8
4,4
5,5
15,17
27,28
30,31
12,15
11,13
23,25
6,8
13,15
16,14
16,16
,4
,1
4,4
15,15
27,27
22,22
14,14
9,10
9,9
25,23
6,6
16,13
22,21
13,13
16,16
9,8
51,51
9,9
10,10
12,12
11,12
16,16
7,7
6,6
18,16
9,8
38,37
2,2
43,42
,5
5,
4,5
,4
5,
5,5
,5
5,
,5
5,
,5
5,
,5
5,
4,5
,4
5,5
5,5
5,
4,5
,4
4,
,4
4,4
4,4
3,3
4,4
4,4
4,4
4,4
5,5
4,4
5,5
5,5
4,4
5,5
15,17
2,2
13,13
18,18
1,1
11,11
43,44
23,23
47,49
,1
,1
29,30
6,6
7,
,7
,1
,8
,6
12,15
75,75
5,5
33,33
17,18
6,6
2,3
2,2
24,27
3,3
3,3
3,3
3,3
3,3
3,3
4,4
2,2
3,3
17,20
,4
,6
,6
25,27
3,3
3,3
3,3
3,3
3,8
29,30
5,5
33,37
2,2
2,2
3,3
2,2
64,69
4,5
3,4
4,4
4,4
2,2
4,4
3,3
3,3
2,2
2,2
2,2
34,32
26,26
27,27
12,14
2,2
57,57
4,4
25,25
,3
5,6
9,12
15,18
47,47
32,32
2,2
24,24
36,41
36,41
6,6
4,6
3,3
25,28
28,30
0,0
6,6
18,20
6,6
12,12
9,9
12,21
,15
,5
,16
,5
9,9
16,13
13,13
73,74
2,2
2,2
13,13
3,2
15,14
46,46
42,45
4,4
4,4
34,34
57,57
61,62
54,54
3,3
14,14
14,15
13,13
3,3
2,2
2,2
2,2
2,2
2,2
2,2
1,1
4,4
6,
2,
1,
4,
5,1
7,
15,15
13,13
3,3
3,3
3,3
3,3
4,7
41,42
,3
3,
,3
5,5
11,11
3,3
3,3
5,5
8,8
11,18
9,9
2,2
2,2
2,2
2,2
2,2
,2
2,
,2
,3
3,
7,8
,4
,4
8,8
30,30
1,1
2,2
2,2
0,0
2,2
3,3
3,3
3,3
3,3
3,3
1,1
7,7
24,24
4,6
,4
4,
2,2
4,4
4,4
5,5
5,5
20,20
3,3
3,3
3,3
3,3
4,4
3,3
2,2
4,4
3,3
1,1
61,62
20,20
5,5
11,10
4,4
3,3
4,4
3,3
6,5
5,5
6,6
3,3
3,3
15,17
9,9
18,18
3,3
9,8
13,13
6,6
22,23
10,10
3,3
5,5
4,4
4,4
5,5
5,5
10,10
6,6
4,4
3,3
12,13
13,13
47,47
13,11
11,11
15,15
51,54
17,15
18,18
36,37
4,4
19,19
5,5
5,5
5,5
5,5
5,5
2,2
2,2
11,11
3,3
5,5
4,4
4,4
4,4
5,5
5,5
12,15
4,
15,
6,14
,4
,1
60,63
4,4
,4
7,8
34,34
11,11
4,
4,4
3,3
3,3
3,3
3,3
2,2
3,3
2,2
3,3
5,5
2,2
3,3
4,4
5,4
13,11
3,3
,6
,6
18,20
,6
9,5
2,2
,2
,2
4,4
5,11
3,3
28,28
,4
4,
5,5
6,6
0,0
8,8
0,0
8,8
0,0
8,8
,0
,8
8,8
0,0
8,8
0,0
10,10
0,0
10,10
0,0
6,6
2,2
2,2
2,2
2,2
2,2
2,2
2,2
8,8
,2
4,4
5,5
4,4
26,26
4,4
5,5
8,8
3,3
55,52
15,22
18,18
37,37
4,4
,18
,3
,2
,1
,11
,3
,2
,2
28,30
12,12
4,4
4,
,4
3,
3,
,3
,3
,3
3,
3,
,3
2,2
3,3
,2
,3
,4
4,
3,
,3
12,12
6,
,6
28,28
45,47
1,1
1,1
54,56
39,39
44,44
2,2
0,0
0,0
6,6
34,35
15,15
23,23
0,0
0,0
0,0
0,0
0,0
0,0
33,33
19,19
1,1
4,4
40,41
37,37
11,11
61,61
3,3
100,95
,3
4,4
0,0
16,17
8,9
5,5
47,40
5,6
3,4
1,2
21,21
9,9
19,19
3,3
17,17
0,0
3,3
0,1
4,4
5,5
6,6
16,17
4,4
7,7
38,39
32,32
6,6
6,6
7,7
7,7
4,4
10,10
23,26
49,49
5,5
7,7
3,3
37,37
78,79
5,5
66,69
,12
4,4
7,7
13,16
14,15
9,9
2,2
17,18
23,23
17,18
37,37
86,87
2,
7,9
,3
12,13
4,4
4,4
19,19
2,
30,31
29,30
3,3
31,32
29,30
31,32
30,30
11,11
46,46
2,2
3,3
3,3
3,3
34,34
13,14
,5
6,
,6
52,52
6,6
1,1
7,7
17,17
4,4
1,1
62,61
3,3
5,5
30,31
7,7
88,88
10,10
6,6
6,6
2,2
4,4
4,4
2,2
37,37
2,2
9,9
4,4
5,5
28,29
4,4
,7
,10
5,5
3,3
10,10
2,2
2,2
5,5
5,5
6,6
3,3
10,10
6,6
10,10
6,6
10,10
6,6
5,5
5,5
2,2
,23
,6
63,63
6,6
2,2
23,
8,
,16
,4
,3
,5
28,28
7,7
11,11
9,9
9,9
2,
7,
32,
9,
9,
4,
9,
18,
22,
29,
21,
26,
22,
4,
23,
11,
13,
2,
2,
2,
2,
1,
13,
4,
5,
5,
13,
2,
14,
11,
5,
1,
5,
4,
23,
6,
6,
11,9
6,6
6,6
20,20
6,6
7,
16,15
5,5
,16
,7
56,56
6,7
6,6
7,7
4,5
3,3
2,2
2,2
5,5
13,14
6,6
1,1
33,34
5,5
31,32
5,5
13,13
5,5
3,3
33,34
5,5
18,18
11,13
2,2
1,1
8,9
2,2
12,11
,2
,2
,0
,6
7,7
3,3
14,12
16,16
2,2
8,9
7,8
2,2
11,10
0,0
12,12
5,6
19,19
1,1
5,5
30,31
2,2
15,15
21,22
11,11
11,11
9,9
39,39
6,7
4,4
4,4
8,8
12,12
1,1
6,6
33,32
7,7
17,17
14,13
7,7
12,12
2,2
9,9
70,70
5,5
17,17
1,1
22,22
6,6
9,9
18,18
1,1
32,32
6,6
6,6
15,15
1,1
12,12
35,35
20,21
9,9
2,2
1,1
1,1
22,23
47,47
6,6
9,9
7,7
1,1
22,22
37,38
16,16
9,9
4,4
33,33
10,10
14,14
6,6
0,0
33,33
2,2
19,20
8,8
121,121
4,4
23,23
9,9
2,2
19,19
8,9
78,79
4,4
24,25
,9
4,4
18,15
31,31
10,10
73,73
5,5
17,17
2,2
22,22
6,6
9,9
18,18
7,7
16,15
1,1
22,22
6,6
0,0
2,2
29,29
1,1
7,8
16,16
0,0
9,9
6,6
5,5
5,5
14,14
2,2
16,16
2,2
1,1
14,
,14
41,41
15,15
2,2
4,4
3,3
10,10
7,7
24,24
27,27
1,1
5,5
11,11
3,3
34,35
4,5
3,3
28,29
48,48
16,18
4,4
2,2
8,8
9,9
13,13
22,23
36,36
10,10
8,8
17,17
9,9
3,3
14,14
3,3
32,32
11,11
21,21
4,4
17,17
7,7
28,28
1,1
8,8
9,9
7,7
2,2
45,45
4,4
2,2
4,4
39,43
14,14
11,11
9,9
,2
2,
5,5
6,6
,2
2,
4,4
1,
4,4
15,14
10,10
26,25
1,1
3,3
14,14
12,12
18,20
13,13
20,21
9,9
16,16
0,0
9,9
6,6
5,5
5,5
14,14
2,2
38,38
24,24
7,7
16,16
7,7
27,27
4,5
4,5
12,12
9,9
18,18
4,4
4,4
4,4
3,3
5,5
32,32
6,6
6,6
7,7
2,2
54,54
2,2
2,2
1,1
2,2
3,3
14,14
1,1
18,18
8,8
4,4
9,9
1,1
20,20
41,42
7,7
13,12
16,16
13,13
4,3
31,24
10,10
10,9
,13
1,3
1,2
30,30
5,5
4,4
7,7
13,14
5,5
24,23
31,31
3,6
10,10
7,7
2,2
9,9
4,4
15,15
6,6
9,9
35,35
23,23
10,10
1,1
1,1
25,25
8,9
5,5
5,5
28,28
1,1
8,8
9,9
7,7
2,2
31,31
3,6
10,10
7,7
2,2
,3
27,27
21,21
20,20
3,3
3,3
2,2
7,7
5,5
5,5
1,1
1,1
10,10
9,9
10,10
10,10
13,13
3,3
9,9
3,3
1,1
4,4
2,2
1,1
21,21
1,1
28,28
27,26
5,5
4,4
6,6
18,18
29,31
14,14
4,5
7,7
2,2
,2
,2
2,2
15,16
26,26
9,9
29,29
11,11
21,21
1,1
5,5
12,12
2,2
81,81
4,4
22,22
1,1
9,10
1,1
19,19
6,6
6,6
13,13
6,6
17,13
7,7
7,6
3,2
9,8
11,11
8,6
11,11
2,2
6,10
64,61
4,4
26,26
5,5
2,2
15,15
4,4
5,5
15,15
5,5
3,3
16,16
5,5
1,1
,1
1,
7,7
37,37
15,15
8,8
4,4
5,5
21,21
10,11
35,35
20,20
57,56
12,14
13,13
21,22
10,11
3,3
1,1
30,30
12,12
8,8
18,18
10,10
26,28
19,17
52,53
2,2
7,7
17,18
42,42
4,4
1,1
32,32
6,6
6,6
7,7
2,2
42,42
4,4
1,1
13,15
5,5
31,32
6,6
10,9
7,7
2,2
19,19
38,38
6,6
47,47
6,6
13,13
30,30
39,39
14,14
19,19
5,5
5,5
15,15
9,9
1,1
,11
,9
15,
0,
10,
20,
,11
,0
,11
,15
,23
,6
23,
6,
23,23
23,23
8,8
14,14
8,8
31,30
1,1
2,2
23,22
0,0
8,7
2,2
47,47
6,6
25,25
8,8
10,10
10,10
13,14
12,12
2,2
2,2
19,16
12,12
12,12
9,9
14,14
17,17
9,9
8,8
8,8
4,4
11,11
7,7
15,15
5,5
1,1
61,61
6,6
50,49
2,2
8,8
4,5
2,2
15,15
28,30
44,46
19,20
4,4
22,21
7,7
30,37
104,103
4,4
29,29
10,10
47,47
6,6
30,30
5,5
4,4
7,7
12,12
,1
6,6
12,15
3,3
11,15
19,19
11,11
29,29
4,4
4,4
8,8
24,23
45,45
4,4
2,2
4,4
55,57
67,68
134,134
2,2
11,13
32,33
7,7
12,12
17,18
9,9
14,14
7,10
,9
11,13
19,21
2,2
5,5
11,13
4,4
12,12
8,8
3,2
2,1
91,91
4,4
3,3
6,6
3,3
4,4
2,2
7,7
3,3
3,3
3,3
7,7
4,4
15,15
3,3
4,4
2,2
7,7
3,3
1,1
11,11
2,2
73,73
3,3
3,3
3,3
4,4
5,5
17,17
2,2
2,2
2,2
6,6
3,3
3,3
5,5
21,21
7,8
6,7
18,18
3,3
4,4
14,12
4,4
7,7
0,0
1,1
13,13
5,5
21,21
4,4
7,7
10,10
4,4
5,5
88,88
4,4
4,4
4,4
3,3
3,3
8,8
3,3
8,8
5,5
2,2
4,4
2,2
4,4
8,8
3,3
7,7
4,4
6,6
6,6
29,29
8,9
2,2
2,2
2,2
21,22
5,6
2,3
2,2
0,2
1,0
,1
2,
,2
22,23
5,6
0,3
2,0
1,2
,1
2,
,2
2,2
11,13
1,2
5,5
4,4
14,14
3,3
1,1
1,1
1,1
2,2
14,14
2,2
3,3
1,1
1,1
1,1
2,2
14,15
4,5
2,2
3,3
11,14
2,2
6,7
4,4
1,3
,3
,3
4,
,4
11,12
,8
8,8
7,
11,12
1,10
,6
,4
,3
,4
15,18
,1
14,16
4,4
4,3
3,4
2,2
,2
2,
10,12
8,8
2,2
,4
16,
4,
,15
,3
,2
,6
,3
,3
,4
,4
,16
,4
14,16
17,17
5,5
13,13
5,5
3,3
5,6
6,7
3,5
10,11
2,2
8,8
4,
,4
6,6
2,2
3,3
4,4
59,61
2,2
9,9
7,7
4,4
4,4
3,3
3,3
1,1
58,56
4,4
8,8
11,11
2,2
2,2
3,3
3,3
1,1
73,71
4,4
4,4
4,4
3,3
8,8
3,3
7,7
4,4
4,4
7,7
3,3
3,3
19,19
5,2
6,6
19,19
3,3
5,5
22,22
,6
16,16
5,3
7,5
17,15
7,6
10,9
0,0
1,1
16,14
8,7
12,12
4,4
5,7
12,11
138,139
21,21
5,5
9,9
4,4
5,5
6,6
6,6
7,7
6,6
6,6
6,6
11,11
,4
5,5
2,2
7,7
6,6
1,1
1,1
1,1
,2
,2
0,1
,14
,3
,5
,6
,4
16,16
9,8
11,11
8,9
9,10
15,15
10,11
3,3
,17
15,19
2,2
19,19
6,6
21,21
5,6
49,48
4,4
3,3
3,3
3,3
4,4
8,8
12,12
2,2
17,17
5,6
6,7
16,16
4,4
0,0
4,5
5,5
11,12
22,24
12,12
4,4
5,5
7,7
13,13
13,13
15,15
,14
15,17
,0
2,2
7,7
8,8
12,11
7,7
10,14
2,2
3,3
3,3
3,3
3,3
4,4
19,19
18,23
0,
,0
11,11
5,5
8,10
8,10
8,10
10,10
,23
30,
0,0
5,5
7,7
13,13
8,8
24,24
2,2
3,4
3,3
4,4
4,4
5,5
5,5
4,4
2,2
5,5
2,3
5,5
3,3
6,6
2,2
2,3
3,3
11,13
36,34
10,10
12,12
15,16
8,12
,6
11,13
26,28
2,3
4,4
11,11
2,2
16,16
49,49
10,10
6,6
6,6
7,7
6,6
6,6
7,7
10,10
7,7
5,5
4,4
4,4
6,6
4,4
62,62
14,14
5,5
2,2
2,2
2,2
4,4
6,6
6,6
4,4
4,4
4,4
5,5
4,4
4,4
5,5
6,6
4,4
4,4
4,4
3,3
4,4
4,4
4,4
4,4
4,4
5,5
3,3
4,4
3,3
4,4
4,4
7,7
5,5
24,23
6,6
22,22
4,4
8,8
20,22
1,1
25,26
1,1
16,16
15,15
3,3
3,3
24,24
4,4
3,3
,8
7,7
7,7
7,7
14,14
5,5
2,2
3,3
2,2
,1
34,34
32,33
4,4
8,8
4,4
5,5
,4
,4
7,7
3,3
,3
3,
3,
,3
,2
2,
2,
2,2
2,2
2,2
2,2
,2
15,
10,
4,
4,
4,
7,
7,
7,
7,
2,
16,16
10,10
5,5
3,3
2,2
2,2
2,2
,15
,10
,4
,7
,7
,7
,7
,2
21,21
2,2
2,2
1,1
26,31
12,13
39,39
5,5
5,5
2,2
20,20
25,25
19,19
9,9
34,35
19,18
42,42
5,5
5,5
,5
37,37
0,0
1,1
1,1
1,1
2,2
2,2
2,2
2,2
2,2
2,2
1,1
1,1
1,1
4,4
3,3
3,3
4,4
4,4
3,3
3,3
3,3
3,3
0,0
1,1
1,1
1,1
0,0
0,0
2,2
2,2
2,2
1,1
2,2
1,1
2,2
12,12
18,17
39,38
5,5
5,5
37,37
0,0
1,1
1,1
1,1
2,2
2,2
2,2
2,2
2,2
2,2
1,1
1,1
1,1
3,3
3,3
3,3
3,3
3,3
3,3
3,3
3,3
3,3
0,0
1,1
1,1
1,1
0,0
0,0
2,2
2,2
2,2
1,1
2,2
1,1
2,2
13,12
33,32
18,18
15,15
20,21
17,17
16,16
6,11
,10
11,12
7,8
20,20
48,48
5,5
5,5
5,5
,5
5,
,5
17,17
0,0
1,1
1,1
,14
2,2
8,9
7,7
15,15
10,10
12,12
2,2
10,10
10,10
11,11
11,11
10,10
11,11
10,10
12,12
10,10
10,10
10,10
10,10
10,10
10,10
5,5
4,4
8,9
7,8
3,3
1,1
14,14
14,14
14,14
7,7
0,0
3,3
2,2
3,3
3,3
3,3
3,3
9,9
,2
2,
2,2
2,2
2,2
2,2
0,0
0,0
0,0
,14
,9
,2
,2
,2
,2
,2
,2
,2
,0
,0
,0
4,5
4,4
3,4
5,6
5,9
25,25
3,7
2,3
21,21
13,13
34,36
6,6
5,6
2,2
12,12
5,5
15,15
25,25
12,12
14,14
14,14
9,9
2,3
12,12
11,12
15,14
16,16
10,10
16,15
13,12
1,2
13,13
3,4
11,11
12,15
36,37
2,2
15,15
10,11
11,11
7,7
10,10
7,7
5,5
13,13
16,16
12,12
18,18
7,7
14,14
24,24
3,3
18,18
6,6
4,4
6,5
9,9
4,4
19,22
11,11
8,8
7,7
9,9
7,7
13,14
10,8
14,15
2,2
14,14
3,3
15,15
2,2
2,2
2,2
1,1
1,1
8,8
0,0
11,11
0,0
0,0
1,1
0,0
4,4
0,0
4,4
0,0
5,5
0,0
4,4
0,0
13,13
1,1
17,17
3,3
3,3
14,14
3,3
20,20
3,3
5,5
3,3
6,6
3,3
1,1
20,20
1,1
2,2
0,0
0,0
2,2
1,1
1,1
1,1
1,1
1,1
1,1
1,1
0,0
13,13
1,1
13,13
2,2
,8
,4
14,14
3,3
11,11
2,2
2,2
0,0
1,1
1,1
21,21
3,3
5,5
3,3
3,3
3,3
6,6
3,3
3,3
3,3
17,17
1,1
2,2
2,2
2,2
2,2
0,0
1,1
1,1
2,2
1,1
1,1
1,1
,6
,11
,1
,1
,1
,4
8,8
5,6
53,52
1,1
5,5
27,27
2,11
,2
6,7
,1
,3
,3
26,28
3,3
3,3
3,3
2,2
6,6
4,4
6,6
1,1
4,
2,2
43,43
17,17
5,5
11,
2,
,23
,11
,4
11,10
11,
4,
20,20
12,12
17,15
0,12
15,15
6,6
7,6
3,3
31,31
0,0
0,0
0,0
0,0
0,0
,4
,0
,0
,0
,6
,0
,0
,25
,0
,0
,0
,0
,0
,0
26,26
0,0
0,0
9,10
13,16
0,0
1,1
54,51
,5
,2
18,19
33,35
25,26
35,37
25,26
4,4
3,3
2,2
3,3
2,2
3,3
2,2
3,3
3,3
3,3
2,2
3,3
3,4
2,2
3,3
2,2
3,3
2,2
3,3
3,3
3,3
9,10
4,4
5,5
3,3
3,3
2,2
29,29
3,3
3,3
1,3
3,3
3,3
3,3
3,4
3,6
3,0
4,1
6,2
3,3
0,1
1,1
2,1
1,3
1,3
1,3
3,3
3,
3,
3,
3,3
2,2
3,3
3,3
3,6
5,
,4
3,3
,11
,3
,12
,4
,1
,16
,2
8,7
6,6
15,15
14,14
6,6
3,3
19,18
37,34
7,7
3,3
24,25
8,8
6,7
10,10
7,7
16,15
7,7
29,30
4,4
3,3
4,4
4,4
3,3
4,4
3,3
4,4
3,3
4,4
3,3
3,3
4,4
3,3
4,4
3,3
4,4
4,4
7,7
4,4
5,5
3,3
4,4
3,3
3,3
,7
27,28
2,2
6,7
3,4
2,3
,2
4,
4,4
15,16
,2
3,
,3
33,35
5,7
5,5
3,3
21,25
,7
32,32
12,12
4,4
5,5
6,6
6,6
3,3
5,5
4,4
3,3
4,4
2,2
5,5
3,3
2,2
3,3
30,30
5,5
5,5
3,3
4,4
4,4
4,4
6,6
3,3
4,4
3,3
2,2
2,2
2,2
11,11
10,10
0,0
2,2
7,12
38,44
12,13
40,41
7,8
,1
28,28
56,57
21,22
51,51
2,2
10,10
3,3
9,9
3,3
3,3
3,3
3,3
7,7
2,2
43,41
17,18
2,2
34,34
7,7
7,7
8,8
8,8
8,8
3,3
21,21
1,1
3,3
3,
,3
27,27
13,13
3,3
1,1
29,
3,
3,
2,
3,
2,
29,29
3,3
40,40
4,4
12,12
6,6
6,6
6,6
4,4
3,3
3,3
3,3
3,3
3,3
3,3
6,6
5,5
5,5
6,6
2,2
19,19
4,4
3,3
3,3
38,37
1,1
5,5
2,2
3,3
2,2
4,4
41,41
4,4
14,15
3,3
16,14
2,2
16,27
,1
,2
,2
19,
2,
,7
24,24
2,2
17,18
,11
,9
11,
9,
23,23
2,2
19,27
28,30
3,3
3,3
3,3
4,4
26,26
9,6
20,17
4,3
3,2
1,0
2,1
3,2
3,3
1,0
1,0
1,0
1,0
1,0
2,1
3,3
6,6
2,2
7,7
3,3
3,3
4,4
3,3
3,3
3,3
1,1
8,8
11,11
14,15
,7
,3
35,35
2,2
7,7
25,25
,22
,36
,2
,7
17,17
6,6
4,4
7,7
59,58
4,6
3,3
1,4
23,24
7,8
15,16
7,8
11,15
22,23
8,9
8,9
21,23
5,5
15,16
5,5
15,21
8,10
16,16
2,2
14,13
9,9
9,8
26,23
8,7
2,1
,7
4,3
8,8
14,8
13,7
11,5
26,23
1,1
5,5
3,3
5,5
4,4
5,5
5,5
3,4
12,
1,
11,11
2,2
7,7
6,6
6,6
,6
3,3
3,3
7,7
7,7
4,4
6,6
5,6
,10
10,
24,26
0,0
1,0
,1
0,0
,2
12,12
17,17
8,
,8
15,18
17,16
38,38
12,14
,2
16,15
30,31
19,19
6,6
,10
,2
,2
,2
3,4
,3
7,8
,6
,4
13,13
5,6
,2
10,11
9,10
11,12
15,16
10,11
9,9
3,3
2,2
25,27
,3
11,11
4,5
2,2
2,3
0,0
4,4
1,1
2,2
2,2
4,4
4,4
1,1
1,0
,0
,0
,0
,0
44,45
33,36
27,31
13,14
2,2
2,2
2,2
3,3
3,3
3,3
3,3
3,3
3,3
4,4
3,3
3,3
4,4
3,3
3,3
3,3
3,3
4,4
4,4
0,0
1,1
1,1
5,4
3,2
13,9
3,3
3,2
5,5
3,2
15,13
10,9
3,2
3,2
7,8
8,7
11,10
14,14
6,5
11,9
3,2
10,10
18,18
7,7
5,5
2,2
2,2
4,4
4,4
14,14
,7
,3
,4
7,7
8,8
11,10
7,7
14,17
18,20
4,4
11,12
10,10
,3
19,19
20,20
11,11
10,2
2,2
9,11
11,12
4,6
14,20
8,10
7,11
8,10
7,11
5,11
6,9
11,12
2,2
5,6
6,9
7,9
6,9
3,3
7,8
4,4
3,
,1
,2
5,4
12,12
4,3
21,21
4,3
3,2
11,11
5,4
5,4
7,6
3,2
7,6
9,9
20,21
3,2
10,11
8,7
4,3
19,21
12,12
13,14
2,2
11,10
4,4
3,2
7,7
2,1
6,5
6,5
10,9
22,22
3,3
3,3
12,11
7,6
13,12
2,2
7,7
7,6
9,9
4,3
5,1
8,5
5,8
26,4
1,26
9,1
5,1
8,9
2,5
3,8
11,1
1,1
2,4
2,11
9,1
2,2
2,2
2,9
2,2
2,2
2,2
2,2
2,2
2,2
2,2
3,2
8,2
9,2
2,2
20,8
1,8
10,2
2,21
2,1
2,9
5,1
10,1
3,1
18,1
2,5
7,11
12,3
6,1
4,17
18,2
6,6
15,14
16,5
12,5
8,14
13,6
26,14
3,16
3,11
3,9
3,10
3,26
3,3
3,3
3,3
3,3
3,3
3,3
3,3
3,3
3,3
3,3
3,3
3,3
3,3
3,3
3,3
3,3
6,3
9,3
2,3
5,3
5,3
6,6
5,8
2,2
6,5
2,4
6,6
5,5
5,2
5,6
5,2
6,6
10,5
10,5
6,5
4,5
5,6
6,9
15,9
8,6
6,4
5,5
6,6
6,14
6,7
6,5
6,4
44,5
6,5
8,5
6,5
6,5
6,42
6,5
6,7
6,5
6,5
6,5
10,5
6,5
6,5
6,5
12,5
19,8
6,5
6,5
6,5
6,9
6,18
6,5
6,5
22,5
16,5
9,5
9,5
29,5
9,23
,16
,9
,8
7,28
7,8
6,2
7,0
6,0
7,0
7,10
9,6
9,6
9,5
7,6
5,5
10,6
18,6
1,8
1,8
2,8
5,5
4,6
5,4
1,11
1,18
5,1
5,0
1,0
4,1
4,4
5,3
2,4
5,0
1,0
1,4
5,4
3,0
1,3
3,3
5,4
2,1
1,4
1,0
1,0
1,4
5,2
5,0
1,2
1,4
1,1
3,0
17,0
6,0
5,0
14,4
24,4
2,0
13,0
22,0
4,2
21,15
19,5
6,4
22,12
1,21
0,1
29,13
16,19
33,3
14,20
9,20
2,5
2,26
2,1
2,0
2,32
2,20
2,1
10,35
5,15
4,9
3,4
31,1
6,1
5,1
5,1
5,1
4,1
4,1
4,9
14,4
0,3
0,2
7,30
14,5
5,5
6,4
7,4
11,4
5,3
6,3
20,3
3,14
3,0
19,0
15,6
8,13
10,5
0,5
1,6
6,10
18,7
7,5
14,21
7,3
5,2
6,2
13,19
3,14
4,7
4,9
9,0
7,1
12,6
16,17
4,6
16,13
5,6
8,5
10,5
5,12
33,3
39,2
7,3
18,
26,8
2,6
75,11
6,15
1,3
1,15
1,4
2,7
2,9
2,6
4,33
19,41
2,8
1,18
0,26
2,2
,75
46,6
0,1
4,1
12,1
2,2
20,2
25,2
4,4
22,19
1,2
6,1
7,
11,2
18,0
21,46
4,0
12,4
20,12
4,2
12,20
8,30
4,4
7,22
17,1
2,6
7,7
16,11
6,18
7,21
0,4
15,13
30,21
3,4
2,13
15,9
5,4
4,6
36,17
7,2
6,7
12,16
7,7
4,7
20,
4,15
5,32
1,3
6,2
14,17
3,6
4,6
18,39
,7
,6
,12
39,7
4,4
4,21
4,5
4,6
29,1
3,7
3,14
4,3
4,5
4,10
2,22
95,2
5,1
7,42
,4
6,4
6,4
1,4
44,29
1,3
15,3
49,4
26,4
,4
18,2
24,95
4,5
13,8
,8
9,8
4,6
16,1
8,50
6,3
7,16
,50
,25
,7
,20
10,23
3,3
1,12
,3
2,15
2,4
5,16
3,10
3,6
3,9
3,9
3,3
3,4
13,3
8,10
17,3
13,1
1,5
3,2
10,4
7,5
7,3
14,3
7,3
3,3
2,3
3,3
2,17
3,8
2,17
3,13
2,1
19,3
11,10
4,7
17,7
1,14
8,7
3,3
10,2
6,3
4,2
4,3
4,2
2,3
3,2
3,19
6,11
4,4
2,17
10,1
3,8
3,3
4,10
12,6
,4
18,4
3,4
5,2
17,3
2,3
3,6
,4
1,2
3,10
,3
23,4
15,4
,13
,3
8,13
5,3
3,
7,17
7,2
7,3
0,2
5,
8,1
3,2
11,22
7,11
8,3
,2
9,8
9,5
7,3
26,7
31,7
2,7
2,0
2,3
16,8
7,3
2,11
15,7
33,8
31,2
45,9
21,13
28,9
32,24
,31
0,2
4,2
23,2
7,15
2,7
2,2
8,15
2,33
9,30
6,42
2,21
10,28
33,41
0,4
24,0
2,4
2,23
20,7
8,2
9,2
8,8
12,2
6,9
8,6
23,2
10,10
13,33
23,0
10,24
12,2
16,2
11,20
11,8
8,9
14,8
10,10
8,6
5,8
3,23
13,10
2,13
15,23
11,10
22,12
20,16
25,11
4,11
18,8
4,14
16,10
9,8
2,5
8,3
6,13
29,2
2,15
2,11
21,22
22,20
2,25
18,4
3,18
1,4
7,16
15,9
3,2
12,8
14,6
14,29
9,2
13,2
18,21
7,22
9,2
1,18
10,3
5,1
6,7
26,15
43,3
6,12
6,14
0,14
7,7
9,11
6,18
13,7
8,9
9,1
7,10
24,5
6,6
9,26
7,43
4,6
17,6
19,0
23,7
6,9
12,6
8,13
20,8
13,9
9,7
19,24
11,6
16,9
21,7
11,4
10,17
16,19
,23
,6
,12
,8
,21
,13
,9
23,19
18,11
10,16
29,21
7,11
12,10
12,16
9,7
11,2
22,17
12,9
8,15
22,3
10,9
9,23
18,18
12,10
15,29
10,7
14,12
15,12
9,9
23,11
14,22
3,12
13,8
24,22
11,10
9,9
9,18
23,12
11,15
12,10
8,14
13,15
20,9
1,23
35,14
40,3
9,13
8,24
9,11
9,9
8,9
24,23
40,11
3,12
4,8
15,13
25,17
10,1
9,32
,36
,8
21,7
3,8
20,8
,7
7,22
22,41
16,3
0,4
27,20
,27
6,10
21,9
2,3
17,9
3,22
,3
1,20
14,11
3,11
17,26
8,19
26,0
0,31
28,2
,5
2,21
,2
29,18
10,3
10,2
6,1
17,15
12,3
16,17
5,8
17,26
8,0
16,30
4,1
59,
39,7
15,33
14,10
16,10
18,6
17,15
24,11
68,
14,5
15,17
2,9
11,17
3,4
14,59
11,42
20,17
,14
,16
,18
,17
33,24
6,68
4,14
3,15
3,2
3,11
4,3
4,14
9,11
19,20
4,16
8,3
6,9
9,4
47,33
3,6
4,4
4,4
,3
10,3
6,4
7,4
23,9
13,20
5,4
40,8
6,6
10,10
2,47
23,4
56,5
48,5
3,5
4,10
4,6
,8
11,21
6,14
7,5
23,41
14,6
5,10
43,2
35,23
14,56
25,47
2,4
21,5
17,5
19,5
20,10
3,6
19,8
7,21
,14
,5
12,43
0,35
36,14
1,25
11,2
5,21
3,17
7,19
24,20
1,3
15,
7,
6,19
,7
0,12
0,0
3,39
,1
,15
15,5
6,3
,10
10,24
37,1
7,16
37,6
2,
2,5
,0
0,0
0,3
27,1
0,1
16,15
2,
4,6
7,11
,37
,7
13,37
14,2
18,2
6,0
,
14,
3,27
3,0
,15
,2
,3
,7
,5
,7
,12
,14
,18
,6
,4
,
,
,
,3
,3
,8
,3
,3
,3
,5
,3
,3
,2
,6
,6
,8
,4
,6
,10
,4
,8
,4
,12
,4
,7
,4
,7
,4
,9
,4
,3
,6
,4
,3
,7
,9
,13
,3
,4
18,4
9,6
2,5
1,5
2,9
3,5
2,10
1,8
2,5
1,3
2,4
25,7
1,8
2,7
2,18
3,10
0,2
3,1
0,2
3,3
0,2
3,1
0,2
2,1
2,2
23,23
1,1
2,2
4,4
0,2
4,0
0,2
4,0
0,2
4,0
0,2
2,0
2,2
,2
,21
,1
,2
,3
,0
,3
,0
,3
,0
,3
,0
,2
,2
,1
,2
,3
,4
,2
,1
,2
,3
,1
,4
,3
,5
,1
,1
,3
9,11
5,4
13,2
1,12
,1
,7
,7
8,14
9,3
5,5
6,4
9,6
5,7
14,1
9,7
5,4
13,39
23,2
1,4
1,2
0,1
0,8
0,10
14,5
37,7
6,10
26,5
2,13
0,10
25,5
0,13
7,22
25,1
5,1
3,0
2,0
2,0
7,14
4,31
4,5
2,23
2,2
2,0
2,20
1,0
1,7
2,25
2,4
1,3
2,2
2,2
2,7
2,4
2,4
1,2
2,2
1,2
2,2
1,1
2,1
2,2
2,2
7,1
5,2
12,2
16,2
1,2
1,2
1,1
1,2
1,1
12,2
1,1
9,2
4,2
5,2
5,5
5,4
5,14
4,17
5,1
4,1
5,1
4,1
12,1
13,12
0,1
6,10
6,4
4,5
3,5
15,5
2,5
4,4
3,5
,4
,5
,4
,12
,13
2,0
3,6
,6
,4
1,3
0,15
9,2
7,4
6,3
7,2
0,2
2,2
8,4
3,4
2,
3,
10,2
0,3
0,1
7,0
5,9
6,7
252,6
4,6
3,
4,2
2,8
4,3
6,2
5,3
4,9
4,0
5,0
4,7
4,5
7,6
1,60
3,4
21,3
28,4
1,2
11,4
8,6
5,5
5,4
14,4
4,5
7,4
9,4
2,8
33,
5,
5,24
12,30
10,2
7,12
3,8
2,5
9,6
5,15
5,4
5,7
5,9
5,2
5,36
5,5
5,6
5,12
5,10
5,6
5,
5,
5,
5,
5,
4,
4,
4,
4,
4,
4,
5,
4,
4,
4,
4,
4,
4,
4,
4,
4,
4,
4,
4,
4,
4,
4,
4,
4,
4,
4,
4,
4,
4,
4,
4,
4,
4,
5,
5,
6,
5,
5,
6,
4,
4,
4,
4,
4,
4,
4,
4,
4,
4,
4,
4,
4,
4,
4,
4,
4,
4,
4,
4,
4,
4,
4,
4,
4,
4,
4,
7,
6,
6,
4,
4,
4,
4,
4,
4,
4,
4,
4,
4,
4,
4,
4,
4,
4,
4,
4,
4,
7,
7,
6,
6,
6,
6,
6,
6,
6,
6,
6,
6,
6,
6,
7,
7,
4,
4,
4,
4,
4,
4,
4,
4,
5,
9,
9,
8,
9,
4,
4,
4,
4,
4,
4,
4,
4,
4,
4,
4,
4,
4,
4,
4,
4,
4,
4,
4,
4,
4,
4,
4,
5,
5,
5,
4,
4,
4,
4,
4,
4,
4,
4,
4,
4,
4,
4,
4,
4,
4,
4,
4,
4,
4,
4,
4,
5,
5,
5,
5,
5,
3,
5,
5,
7,
6,
3,
4,
4,
4,
5,
4,
19,
4,
5,
28,
5,
27,
7,
6,
,
30,
27,
6,
28,
18,3
5,19
25,3
4,5
4,29
4,5
4,27
8,7
2,
10,8
2,33
8,28
1,7
3,29
17,18
10,5
17,24
57,3
2,3
4,3
6,3
4,9
4,3
2,11
2,2
3,8
5,1
2,3
4,17
2,10
3,17
3,57
2,4
3,4
5,6
39,4
30,4
18,2
20,2
4,3
15,5
8,2
12,4
8,2
10,3
17,3
11,2
6,3
8,5
2,
13,
19,
45,21
11,4
9,15
5,8
5,13
3,9
3,10
4,25
3,15
4,6
7,9
5,2
5,13
3,19
3,45
4,11
2,9
10,5
5,5
2,3
7,3
,4
,3
3,4
15,7
,5
9,5
,3
,3
,4
,2
42,10
10,6
8,9
4,7
4,2
2,2
2,3
5,16
2,8
8,9
4,1
6,3
2,2
2,7
5,47
1,10
9,8
3,4
2,4
,2
,2
5,5
,2
45,9
11,4
9,6
5,2
5,2
3,5
3,1
4,20
3,3
4,15
7,1
5,1
5,7
3,5
3,45
4,11
2,9
24,5
2,5
2,3
2,3
3,4
2,3
9,4
7,7
10,5
6,5
6,3
2,3
17,4
4,2
4,24
11,2
12,2
21,2
7,3
5,2
2,10
3,8
0,11
5,6
4,6
4,3
3,23
,4
9,4
6,12
,12
10,21
3,7
3,6
9,4
7,4
2,0
12,5
39,5
6,4
50,4
17,6
7,9
14,
21,9
16,13
9,3
4,6
28,7
7,8
25,2
8,14
17,39
52,6
62,50
8,17
5,7
9,14
13,21
3,16
8,9
4,4
5,29
4,7
3,25
6,8
9,18
8,53
6,62
6,8
7,5
5,9
5,13
3,3
7,8
6,4
4,5
2,4
43,3
4,6
51,9
31,8
37,6
37,6
4,7
6,5
,5
2,3
57,7
8,6
5,4
9,3
13,43
3,4
8,52
4,32
5,37
3,39
6,6
9,4
8,3
6,2
6,59
7,8
5,5
5,9
3,13
7,3
6,8
4,4
70,5
,3
6,6
3,9
4,8
17,6
32,6
9,7
5,5
27,5
26,3
3,7
4,6
4,4
5,70
3,3
3,6
2,
4,4
6,17
4,32
5,9
5,5
6,27
5,25
5,3
3,4
7,4
4,5
4,3
5,3
4,2
30,4
26,6
6,4
19,5
38,5
15,6
54,5
18,5
31,3
8,7
56,4
4,4
3,5
33,4
63,28
4,25
12,6
9,19
34,37
42,15
2,53
3,18
9,31
15,8
,54
,4
,3
21,32
5,60
24,4
6,11
22,8
5,32
5,38
,2
24,3
20,8
67,14
6,22
16,5
4,5
34,21
18,5
9,24
5,6
54,
9,
,
56,3
17,24
8,20
21,68
31,6
27,16
5,4
5,34
8,
9,9
5,5
2,53
18,9
50,20
5,56
18,17
4,8
50,21
6,31
77,27
7,5
7,5
16,8
1,9
15,5
8,2
5,25
10,54
5,5
10,18
10,5
9,50
4,6
10,77
10,7
11,7
10,16
10,1
11,17
10,8
10,5
,10
,7
,10
,10
19,9
,4
,10
,10
,11
,10
11,10
51,11
16,10
11,10
53,4
9,11
32,14
,1
5,19
93,15
17,1
3,10
5,14
10,1
7,11
7,51
8,16
28,10
27,53
36,8
7,33
8,4
6,5
4,93
6,17
,3
7,5
22,10
0,7
2,7
7,8
6,27
12,25
16,34
43,7
12,8
1,6
13,4
18,6
2,6
14,7
1,22
82,0
,2
21,7
14,6
,12
,16
,44
,13
,1
,12
,18
,2
29,15
9,1
13,83
46,10
50,22
12,15
69,3
79,14
73,3
12,6
2,10
11,31
5,9
2,5
19,22
2,2
28,5
4,46
2,50
3,4
5,62
3,72
5,66
31,13
2,2
8,11
4,5
22,2
7,22
6,2
9,28
11,4
10,2
1,3
33,5
11,3
5,5
2,30
3,2
7,8
9,4
1,22
11,7
12,9
3,11
6,11
9,10
10,1
12,33
8,11
9,5
12,2
8,3
7,10
3,8
19,1
2,10
60,11
7,3
2,6
2,9
6,10
11,12
,8
2,9
1,12
1,8
1,7
17,3
12,19
16,2
17,62
14,7
14,2
25,2
12,7
26,15
13,1
19,2
8,1
24,1
21,1
10,18
16,13
12,16
19,17
23,14
13,14
14,25
14,12
24,26
44,13
11,19
37,8
31,24
7,21
62,11
8,16
6,12
7,19
2,23
28,13
4,14
5,13
2,24
3,46
3,12
4,38
7,33
6,7
7,62
8,8
7,6
17,7
11,2
7,34
7,4
8,5
5,2
8,3
9,3
18,4
8,7
7,9
9,6
11,9
9,7
7,17
6,12
10,7
20,6
,9
,5
,6
,7
,15
,7
15,6
31,11
37,11
64,9
21,7
56,6
65,10
65,20
10,12
13,12
8,17
4,12
10,16
6,20
3,15
3,31
11,35
3,62
9,20
2,59
6,65
2,67
5,10
1,13
2,8
1,4
2,10
2,6
7,3
6,3
5,11
24,3
6,9
3,2
2,6
1,2
1,5
1,1
1,2
22,1
1,2
4,2
1,7
2,6
43,5
2,24
1,6
1,3
3,2
1,1
1,1
2,1
3,1
4,22
1,1
1,4
4,1
9,2
2,43
4,2
10,1
72,1
12,3
9,1
1,1
3,2
5,3
3,4
20,1
6,1
5,4
2,9
3,2
5,4
3,10
7,72
8,12
7,9
5,1
7,3
29,5
2,3
2,20
25,6
4,5
13,2
6,3
6,5
3,3
17,7
8,8
41,7
2,5
6,7
4,29
6,2
4,2
0,25
14,4
4,13
0,6
1,6
0,3
0,17
4,8
8,41
120,2
13,6
4,4
2,6
13,4
7,0
11,14
8,4
12,0
19,1
4,0
2,0
4,4
6,8
8,120
8,13
1,4
1,2
28,13
10,7
7,11
6,8
12,12
9,19
6,4
5,2
9,4
9,6
5,8
6,8
8,1
13,1
3,28
5,10
4,7
3,6
7,12
9,9
5,6
9,5
2,9
6,9
4,5
4,6
5,8
4,13
5,3
4,5
3,4
4,3
7,7
1,9
7,5
2,9
4,2
2,6
7,4
18,4
9,5
10,4
7,5
11,4
8,3
9,4
4,7
8,1
10,7
7,2
12,4
6,2
5,7
2,18
9,9
11,10
9,7
12,11
6,8
5,9
3,4
11,8
5,10
7,7
9,12
3,6
2,5
8,2
8,9
8,11
8,9
11,12
7,6
2,5
4,3
4,11
26,5
6,7
4,9
1,3
8,2
3,8
20,8
15,8
14,8
25,11
23,7
26,2
8,4
7,4
9,26
6,6
7,4
7,1
7,8
7,3
7,20
7,15
7,14
7,25
6,23
7,26
7,8
8,7
7,9
5,6
7,7
7,7
9,7
11,7
6,7
9,7
8,7
10,7
10,6
9,7
7,7
11,8
10,7
6,5
9,7
9,7
9,9
6,11
7,6
7,9
6,8
6,10
8,10
6,9
6,7
9,11
0,10
4,6
6,9
8,9
6,9
14,6
27,7
9,7
7,6
13,6
9,8
5,6
6,6
18,9
10,0
13,4
15,6
3,8
22,6
9,14
20,27
0,9
0,7
9,13
19,9
2,5
2,6
2,18
2,10
5,13
1,15
2,3
2,22
2,9
22,20
2,0
2,0
4,9
4,19
2,2
4,2
2,2
2,2
31,5
12,1
11,2
15,2
0,2
11,22
7,2
6,2
4,4
10,4
7,2
10,4
12,2
9,2
9,31
6,12
4,11
8,15
4,0
12,11
13,7
16,6
7,4
7,10
11,7
3,10
7,12
11,9
4,9
3,6
3,4
6,8
11,4
10,12
6,13
5,16
5,7
15,7
3,11
2,3
4,7
9,11
13,4
6,3
8,3
2,6
5,11
14,10
16,6
13,5
13,5
2,15
5,3
15,2
19,4
7,9
22,13
5,6
5,8
16,2
4,5
5,14
7,16
0,13
7,13
8,2
5,5
18,15
5,19
6,7
13,22
16,5
5,5
16,16
3,4
4,5
30,7
18,0
1,7
5,8
8,5
53,18
49,5
5,6
23,13
13,16
10,5
5,16
30,3
19,4
21,30
15,18
59,1
94,5
11,8
4,53
25,49
14,5
23,23
16,13
6,10
6,5
17,30
15,19
11,21
6,15
6,59
10,94
35,11
55,4
26,25
4,14
1,23
35,16
9,6
21,6
2,17
20,15
2,11
0,6
10,6
5,10
16,35
3,55
3,26
3,4
4,1
2,35
3,9
2,21
3,2
2,20
3,2
3,0
2,10
3,5
2,16
2,3
9,3
5,3
13,4
3,2
2,3
3,2
4,3
7,2
5,3
6,3
6,2
13,3
58,2
0,2
2,9
5,5
8,13
15,3
15,2
11,3
12,4
6,7
5,5
3,6
4,6
8,13
14,58
6,0
13,2
7,5
6,8
6,15
5,15
5,11
9,12
8,6
7,5
17,3
1,4
9,8
17,14
5,6
2,13
6,7
10,6
5,6
5,5
1,5
13,9
7,8
5,7
7,17
5,1
1,9
4,17
4,5
9,2
8,6
6,10
4,5
3,5
17,1
9,13
6,7
1,5
4,7
0,5
1,1
14,4
3,4
6,9
5,8
3,6
10,4
6,3
11,17
12,9
9,6
4,1
23,4
6,0
2,1
2,14
2,3
2,6
2,5
1,3
1,10
69,6
3,11
17,12
5,9
6,4
19,23
5,6
4,2
5,2
5,2
6,2
8,2
5,1
5,1
6,69
64,3
40,17
74,5
9,6
16,19
20,5
4,4
4,5
5,5
1,6
0,8
0,5
0,5
3,6
1,64
89,40
5,74
6,9
5,16
6,20
6,4
7,4
5,5
5,1
6,0
5,0
5,0
4,3
4,1
6,89
5,5
5,6
4,5
5,6
6,6
5,7
6,5
6,5
5,6
7,5
5,5
6,4
6,4
11,6
9,5
5,5
7,4
11,5
6,6
4,5
6,6
9,6
8,5
6,7
5,5
6,6
5,6
4,11
4,9
4,5
7,7
5,11
5,6
6,4
6,6
7,9
6,8
6,6
5,5
5,6
5,5
11,4
9,4
6,4
5,7
6,5
9,5
5,6
5,6
6,7
8,6
5,6
5,5
7,5
3,5
2,11
3,9
10,6
11,5
3,6
2,9
17,5
6,5
14,6
7,8
4,5
16,5
8,7
4,3
1,2
8,3
6,10
8,11
3,3
4,2
9,17
12,6
13,14
22,7
6,4
1,16
6,8
7,4
5,1
5,8
4,6
5,8
4,3
4,4
5,9
5,12
0,13
14,22
10,6
2,1
11,6
21,7
2,5
55,5
22,4
6,5
3,4
4,4
3,5
6,5
3,0
7,14
5,10
7,2
9,11
4,21
3,2
7,55
1,22
28,6
13,3
4,4
2,3
1,6
19,3
0,7
0,5
0,7
1,9
1,4
1,3
7,7
2,1
15,28
10,13
3,4
1,2
18,1
5,19
1,0
0,0
6,0
1,1
2,1
2,1
25,7
6,2
4,15
1,10
24,3
9,1
7,18
7,5
9,1
3,0
3,6
3,1
7,2
22,2
14,25
12,6
12,4
5,1
0,24
16,9
10,7
4,7
11,9
2,3
5,3
5,3
15,7
2,22
10,14
0,12
15,12
0,5
5,0
0,16
61,10
11,4
6,11
5,2
4,5
4,5
5,15
5,2
4,10
10,0
4,15
5,0
4,5
4,0
4,61
4,11
5,6
7,5
4,4
5,4
4,5
5,5
5,4
4,10
6,4
5,5
4,4
4,4
5,4
4,4
6,5
4,7
3,4
7,5
14,4
14,5
9,5
6,4
0,6
2,5
31,4
4,4
1,5
1,4
29,6
17,4
5,3
27,7
30,14
18,14
20,9
12,6
21,0
6,2
1,31
21,4
21,1
10,1
,33
17,17
48,5
1,27
3,30
3,18
5,20
,12
,21
3,6
2,1
2,21
,21
,
,10
,20
29,47
1,1
1,
11,
,3
34,3
1,5
3,2
3,
11,
42,2
18,3
7,2
32,2
11,30
23,1
,1
3,11
4,10
6,37
,1
2,3
4,3
27,12
1,42
0,18
15,8
8,28
24,11
44,33
1,6
3,3
3,4
5,3
50,3
2,2
2,4
2,27
2,1
24,0
1,15
3,8
3,24
3,44
3,1
3,3
3,3
3,5
2,51
19,2
3,2
8,2
14,2
8,24
14,2
13,3
8,3
29,3
6,3
6,3
3,3
3,3
3,2
27,21
15,3
32,8
3,14
7,8
19,14
9,13
3,8
48,29
2,6
47,7
2,3
21,3
5,3
,28
3,15
8,30
18,3
2,
22,20
38,9
0,3
0,48
27,2
,46
2,2
2,20
2,6
2,4
2,2
2,8
13,18
27,2
5,22
12,38
1,0
,0
54,27
6,14
10,
,
,
11,
8,
,
,13
,27
,5
14,14
1,1
50,3
,56
10,9
11,15
,6
8,3
6,17
,8
21,18
,4
,16
9,4
50,14
65,1
1,45
57,3
13,9
18,4
21,0
1,7
25,6
35,14
30,8
30,12
,12
1,9
3,53
7,63
19,1
23,57
7,12
3,19
3,22
3,2
63,24
1,35
18,26
,27
,26
23,2
10,5
,10
55,19
1,23
1,7
19,4
42,4
1,4
6,63
4,1
10,17
20,32
32,2
3,23
25,10
4,10
16,49
,1
1,1
17,20
17,42
12,1
3,6
2,4
3,11
9,20
2,32
6,3
4,25
10,4
3,
12,21
6,1
5,19
5,17
7,
11,
2,
2,
13,8
3,2
,
,
,
,
,
,
,
2,
5,
7,
3,
5,
3,
3,
5,14
2,3
5,2
6,3
3,11
5,4
8,14
3,
6,
3,
4,
3,
10,
2,
4,
4,
3,
8,
4,
7,
1,
10,
38,
2,
3,
2,
2,10
4,2
1,4
2,5
2,3
3,8
3,4
4,7
3,1
4,10
29,38
3,2
7,3
8,2
4,2
10,4
,1
,2
12,2
10,3
5,3
5,4
4,4
20,4
14,32
20,3
5,10
7,14
17,3
,10
5,20
24,4
30,12
2,9
19,5
2,5
1,4
37,20
11,15
2,21
13,8
28,8
17,17
2,0
2,
16,24
12,31
16,2
14,19
14,2
11,1
6,37
11,11
,2
11,14
1,27
11,18
9,2
19,2
15,20
35,12
0,15
38,14
0,13
3,10
25,
6,10
17,6
17,12
13,2
3,12
18,9
,19
4,16
,35
7,0
,38
7,0
15,3
7,23
6,4
4,17
8,18
7,13
5,3
4,18
14,0
1,4
3,2
5,7
4,12
8,7
8,16
25,3
14,3
2,5
24,8
,7
7,5
36,4
2,15
1,1
16,3
1,5
3,4
5,9
33,8
17,25
11,15
3,2
8,31
18,0
14,6
7,40
14,3
8,1
17,19
13,1
11,3
11,4
27,33
,17
28,11
7,3
5,8
30,20
15,14
1,7
7,14
14,8
2,17
,13
1,11
24,11
13,30
28,4
10,28
4,7
23,5
4,30
27,15
3,1
11,7
3,14
1,
8,2
13,1
6,24
9,13
6,28
12,11
8,5
9,24
8,4
10,27
11,3
12,12
8,4
2,1
10,8
22,13
5,6
26,9
7,6
16,12
13,9
21,12
21,8
20,11
10,11
19,12
4,9
5,5
5,12
2,22
17,5
10,26
13,7
1,16
,13
4,21
5,21
5,21
6,10
2,21
14,4
4,5
6,6
4,2
7,18
4,9
4,13
4,
5,1
4,4
9,4
7,5
10,6
1,3
5,16
9,4
18,6
1,4
1,7
,4
10,4
3,4
3,5
17,4
20,9
,7
1,10
3,1
1,5
1,10
3,18
3,1
1,
10,1
2,10
5,3
12,3
5,17
8,19
13,1
6,1
5,4
8,1
5,1
3,3
5,3
4,2
7,9
4,2
48,6
2,12
2,6
15,10
15,10
21,6
,5
3,10
9,6
12,3
,5
29,4
5,6
25,5
39,48
2,2
1,2
5,15
25,13
3,7
0,4
43,
18,9
21,21
5,10
5,29
,6
4,25
19,40
,2
15,1
152,7
4,22
43,3
105,0
4,44
7,28
18,21
12,5
8,6
27,3
92,7
140,19
15,7
49,16
28,152
69,5
38,43
8,105
,4
43,9
158,18
34,
49,9
6,27
8,92
30,140
22,18
156,49
,29
,68
6,39
19,
43,3
37,43
18,158
3,35
21,49
41,10
32,
8,30
18,22
18,157
65,13
35,11
3,3
18,19
6,44
11,39
,19
14,3
19,21
,43
,33
,10
,18
,19
,67
,37
,3
,16
,8
,13
,15
,15
,19
,5
,5
,8
,2
,3
,1
,1
,1
,1
,2
,17
,2
,0
,2
,3
,8
,2
,1
,2
,1
,3
,5
,7
,2
,0
,2
,5
,2
,6
90,9
26,4
1,8
5,0
20,10
5,4
3,0
21,6
33,3
33,5
26,2
8,2
19,2
24,2
19,90
17,27
16,1
25,6
18,18
,7
62,4
1,18
1,33
1,33
7,24
16,
10,16
30,
10,
34,16
7,16
38,28
41,16
120,7
1,60
5,1
17,1
11,1
119,7
2,16
14,10
1,30
,10
4,34
7,9
24,41
27,42
11,120
1,1
3,5
3,17
2,11
1,121
3,2
13,14
2,1
2,4
3,
3,7
1,25
1,27
2,11
22,1
2,3
,3
0,2
2,1
2,3
2,13
14,2
1,2
11,3
11,3
11,1
4,1
5,2
9,22
,
8,5
4,0
,2
9,2
3,2
3,14
3,1
,11
17,11
11,11
5,4
8,5
3,10
25,10
19,8
17,4
13,4
6,10
12,3
3,3
8,3
8,17
13,
12,11
,5
,10
,3
,26
4,20
28,17
3,14
3,6
3,13
3,3
11,8
3,8
3,
2,12
6,18
2,3
18,1
9,5
9,6
14,28
13,3
14,3
6,3
1,3
20,11
3,3
6,3
1,2
19,6
3,2
5,21
,10
,10
,14
,13
7,14
4,6
10,1
3,20
3,3
7,6
10,1
11,20
44,3
2,5
2,7
2,0
2,12
2,1
2,7
2,4
2,10
2,3
3,3
3,7
3,10
3,11
2,45
3,2
3,2
5,2
38,2
13,2
6,2
7,2
16,2
3,2
8,3
3,3
13,3
13,3
45,2
2,3
0,3
25,5
9,38
,13
10,6
8,11
12,16
2,3
9,8
21,3
4,13
3,13
3,45
3,2
3,0
3,25
3,10
,10
1,10
10,11
,12
,2
,9
10,20
17,3
13,3
6,3
3,3
3,3
,3
10,
,4
1,
24,10
6,8
20,17
4,17
7,8
3,16
7,30
5,6
2,3
2,3
2,3
2,7
,4
11,11
4,19
20,6
2,21
3,4
3,7
3,3
2,7
7,5
9,2
17,2
14,2
49,2
2,2
2,11
2,5
2,23
2,2
2,3
2,3
2,3
2,2
2,6
3,8
12,17
3,16
,47
9,2
4,2
18,2
5,2
9,2
19,2
3,2
3,2
4,2
19,2
2,3
14,16
3,3
3,4
3,10
3,4
20,19
4,5
3,9
3,18
3,3
3,3
3,4
0,20
5,2
2,16
2,3
2,3
2,3
2,3
10,22
7,4
2,3
2,3
3,3
4,3
23,3
6,0
10,5
2,2
3,2
6,2
39,2
4,2
4,11
4,9
7,2
26,2
12,3
32,4
,23
3,6
15,10
,2
15,3
15,6
7,39
25,4
13,4
22,4
12,7
14,26
11,12
7,32
3,7
16,5
2,17
2,0
7,15
2,18
11,7
7,29
4,13
4,18
1,12
11,14
4,13
2,
9,
4,16
2,2
9,
4,7
2,
7,10
14,7
18,4
15,4
13,1
13,8
7,4
14,2
36,8
4,4
4,2
2,9
12,4
1,2
1,7
3,14
2,17
2,14
9,12
19,12
13,7
17,14
2,36
22,4
,4
,2
29,12
2,1
2,1
2,3
12,
41,
12,9
3,19
14,13
11,17
19,2
2,23
19,1
2,2
4,29
2,2
83,2
4,2
5,12
4,42
4,12
6,3
6,14
3,13
2,19
4,2
4,19
4,2
5,4
31,2
5,83
2,4
9,5
4,4
4,4
4,6
4,6
9,3
5,2
7,4
6,4
19,4
93,5
4,33
4,5
4,3
4,9
6,4
3,4
6,4
2,4
4,9
4,5
4,7
2,6
20,19
1,94
3,4
14,4
2,4
,4
32,6
4,3
19,6
18,2
7,4
11,4
7,4
7,3
49,21
2,1
3,3
26,19
0,2
9,2
12,31
1,5
34,19
1,19
2,
1,14
4,
1,7
1,49
1,2
1,3
2,25
2,0
1,9
1,12
1,1
1,34
1,1
1,2
1,1
1,4
1,1
2,1
1,1
1,1
1,2
2,2
2,1
1,1
3,1
1,1
1,1
2,1
1,1
1,1
2,1
1,2
1,1
1,1
1,1
1,2
4,2
1,1
1,3
1,1
1,1
1,2
1,1
1,1
1,2
1,1
1,1
1,1
1,1
2,1
4,4
5,1
3,1
3,1
0,1
4,1
5,1
8,1
11,1
7,1
8,1
8,1
6,1
26,2
3,4
3,5
13,3
2,3
2,0
34,4
2,5
5,8
32,11
14,7
7,8
8,8
15,6
8,27
49,3
3,3
6,14
,2
39,2
7,34
23,1
1,4
23,30
20,14
5,7
17,8
53,14
20,8
62,50
18,3
15,6
14,6
43,38
,7
,24
,6
,24
,20
,6
,18
,56
,20
,64
12,20
,16
,14
7,44
18,2
5,2
3,3
70,8
19,1
10,6
44,3
15,4
7,4
11,4
4,14
4,7
48,5
15,
2,20
3,5
25,3
9,74
13,23
2,11
1,49
1,17
4,7
3,15
1,6
22,4
10,50
1,17
9,2
25,3
2,25
1,9
1,14
3,2
3,1
3,1
4,4
3,3
20,1
13,22
12,10
54,1
2,9
1,22
1,2
3,1
4,1
23,3
0,3
5,3
6,4
5,3
5,22
0,14
5,12
4,55
5,2
5,1
17,1
2,3
22,4
7,23
2,0
11,5
3,6
3,5
12,5
2,0
2,5
52,4
16,5
0,5
8,17
,2
,22
18,8
36,2
11,12
4,3
4,3
,11
12,2
19,2
9,51
9,16
10,0
14,8
11,23
6,4
7,19
8,36
9,11
5,4
5,2
12,4
10,11
4,19
6,9
12,1
14,9
1,9
20,14
,11
23,6
3,7
10,8
,10
7,5
32,5
32,12
14,10
5,5
,5
8,12
35,17
35,1
24,20
41,7
37,23
19,3
17,13
41,2
1,7
63,32
,32
21,14
1,
12,5
11,5
21,36
23,41
27,22
17,39
,36
,18
18,17
6,40
6,1
10,63
6,16
,9
,
14,10
3,10
13,19
9,21
,27
23,18
2,1
2,0
10,18
11,6
2,6
4,10
26,
15,4
5,6
2,14
19,3
6,13
7,9
12,0
11,23
12,2
28,2
25,10
50,11
25,2
16,5
28,26
4,16
3,5
3,2
3,19
3,6
3,7
12,12
5,11
,12
3,28
30,28
4,49
3,25
3,16
3,28
8,4
3,3
3,3
3,3
3,3
18,3
6,11
6,5
29,3
26,3
8,30
41,4
7,3
5,3
2,3
7,8
11,3
8,3
7,3
7,3
5,18
8,7
7,4
2,28
9,25
6,8
10,40
9,7
9,5
7,2
6,7
2,11
6,8
6,7
9,7
10,5
8,8
6,7
8,2
7,9
8,6
25,10
7,9
26,9
9,7
27,6
36,2
5,6
8,6
24,9
4,10
3,
3,6
3,8
7,7
3,11
,27
3,7
,25
,7
18,27
13,36
4,5
26,8
19,24
13,4
3,3
3,3
37,3
2,7
17,3
13,3
10,
23,10
32,3
4,20
4,13
34,4
5,26
22,20
2,13
,4
12,4
12,38
19,2
14,17
18,14
49,10
,23
,35
14,4
,4
31,52
22,12
36,22
22,2
4,20
18,18
5,18
9,25
6,14
,18
,51
5,4
10,19
7,15
7,2
6,32
5,23
9,38
5,23
18,4
8,18
27,5
14,9
4,
88,6
5,6
5,5
78,10
50,7
2,7
9,8
1,5
4,7
3,5
17,17
11,8
11,28
26,14
18,4
23,88
22,5
,5
,78
10,50
12,2
27,9
3,1
3,4
2,2
3,17
2,11
2,16
4,26
8,22
10,23
62,24
9,15
2,2
2,
5,15
11,27
2,3
11,3
1,2
6,3
5,2
3,2
3,4
6,8
3,10
5,62
4,9
2,2
5,2
5,5
5,11
3,2
2,11
1,1
4,6
4,5
2,3
2,3
2,6
2,3
2,5
2,4
2,2
0,5
2,5
11,5
8,3
25,2
10,1
4,4
,4
9,2
20,2
1,2
7,2
60,2
1,2
7,2
3,0
3,2
3,8
2,8
2,27
1,12
2,4
3,0
5,10
1,20
1,1
1,7
11,62
1,1
6,7
3,3
2,3
68,3
5,2
3,2
3,1
4,2
3,3
24,5
51,1
3,1
1,1
19,8
4,1
3,6
19,3
2,2
4,68
13,5
9,3
46,3
3,4
1,3
19,24
39,53
14,3
5,1
6,21
10,4
7,3
3,19
2,2
61,4
,15
11,9
2,47
2,3
11,1
43,19
35,39
5,14
25,5
4,6
5,10
5,7
14,3
19,2
11,62
25,3
7,11
2,2
10,2
0,11
22,43
2,36
2,5
2,25
4,4
4,5
4,5
4,14
0,19
14,9
8,25
10,9
2,5
4,11
21,0
2,22
2,2
2,2
4,2
0,4
3,4
3,4
2,4
2,0
22,14
2,8
2,10
2,2
4,4
4,21
4,2
4,2
0,2
18,4
2,0
2,3
2,3
4,2
0,2
15,22
6,2
3,2
13,2
12,4
18,4
2,4
2,4
2,0
4,18
0,2
9,2
6,2
,4
6,0
10,15
4,6
10,4
9,13
,12
13,18
7,2
43,2
2,2
2,4
2,0
7,
1,
31,8
4,
39,16
4,5
3,
6,14
26,11
,15
18,8
2,43
16,2
9,2
31,2
4,7
25,1
1,31
,4
26,37
36,4
24,3
26,6
19,25
20,4
30,18
14,2
,16
31,9
4,30
5,4
3,22
5,1
,1
9,30
,47
2,24
,27
2,20
,21
2,31
,
11,14
,32
7,4
7,5
,3
,5
,0
,8
,1
,
,2
,
,2
,
,2
28,10
4,7
4,6
5,6
5,3
5,6
5,9
6,1
4,4
4,3
4,3
4,9
4,5
4,1
4,5
5,28
5,4
5,4
4,5
6,5
11,5
15,5
2,6
3,4
26,4
4,4
12,4
2,4
1,4
2,4
0,5
0,5
24,5
35,4
2,5
1,10
3,15
4,2
3,3
3,25
3,5
3,15
3,2
3,1
3,2
3,0
13,0
12,26
7,35
9,2
17,1
11,3
15,4
20,3
5,3
18,3
10,3
14,3
20,3
1,3
1,3
1,13
2,12
14,7
35,9
23,18
7,11
13,15
18,20
15,5
,18
,10
7,14
51,20
4,1
5,1
2,1
2,2
2,14
3,38
3,27
3,7
45,16
2,19
2,17
2,2
5,10
6,11
9,54
26,4
8,5
4,2
4,2
4,2
4,3
4,3
4,3
5,46
6,2
,2
,2
9,6
4,6
4,10
3,28
4,8
30,4
47,4
3,4
5,4
21,4
5,4
5,5
11,8
9,4
11,6
1,9
3,4
14,4
,3
,4
,30
,48
,3
35,5
1,21
3,
7,
5,
3,
3,
2,1
1,
8,
,14
,10
66,9
5,6
2,11
2,4
8,35
,1
,3
,7
,5
,3
,3
,2
4,1
16,9
3,1
38,1
8,69
,5
,2
26,2
1,8
30,13
38,4
4,5
2,3
1,4
7,4
13,5
7,4
4,19
8,3
64,38
18,8
32,17
,1
10,29
9,1
,30
,38
6,4
19,2
14,1
21,7
5,13
4,4
18,4
12,8
7,64
3,19
12,35
7,5
9,15
3,18
3,4
3,4
3,7
3,18
3,16
3,22
3,5
3,4
3,18
3,12
5,9
18,3
6,13
18,9
3,10
2,3
13,3
10,3
9,3
10,3
11,3
14,3
7,3
15,3
7,3
33,3
6,6
7,19
4,7
14,19
15,3
12,2
5,14
21,11
9,10
6,11
55,12
22,16
11,8
4,16
25,9
7,34
8,6
5,7
6,4
13,14
10,16
9,12
7,5
3,23
2,9
9,6
2,62
9,23
3,12
21,5
18,28
3,8
1,8
2,5
1,6
3,15
2,10
1,11
5,7
15,3
1,2
9,12
25,3
1,9
2,3
3,22
1,20
20,3
2,1
2,3
4,1
4,4
5,2
5,1
8,6
13,14
15,1
7,14
15,26
12,1
11,2
4,3
15,1
29,20
10,1
9,2
7,5
22,5
8,7
8,6
3,7
3,10
15,12
6,7
11,15
11,12
1,11
7,4
1,16
7,30
2,10
2,9
7,8
10,23
0,8
0,8
3,3
5,3
23,17
16,7
4,12
4,10
5,1
25,9
10,1
12,8
17,1
8,1
18,8
16,10
9,0
8,0
7,3
8,5
9,25
4,17
10,4
21,4
3,6
21,25
9,10
14,12
11,20
13,11
3,20
10,16
3,12
12,10
0,7
0,9
4,10
6,4
16,11
25,22
4,3
4,23
6,10
12,15
34,12
9,14
5,3
8,12
7,3
65,10
5,0
1,0
19,3
5,5
,17
,25
6,4
22,4
25,6
3,11
12,38
5,10
42,5
,8
23,6
1,64
4,5
25,1
1,19
3,
45,4
1,4
21,12
28,22
35,25
,3
37,12
1,
33,42
18,5
17,23
6,1
17,4
25,25
18,1
4,3
4,45
,1
10,21
72,26
10,35
4,4
9,37
5,1
51,33
36,18
3,14
57,7
32,20
12,26
8,15
34,4
1,4
11,7
7,10
5,72
6,10
16,4
7,9
38,5
7,51
15,36
10,3
2,57
61,32
30,12
81,8
29,35
4,1
71,11
33,7
12,5
5,6
35,16
17,7
6,38
36,7
2,16
4,9
4,2
28,62
7,30
,81
,29
,4
,72
,33
,12
11,7
3,35
,16
,6
1,36
,2
21,4
21,4
4,29
,7
3,4
2,3
41,0
2,5
,11
,2
53,11
7,3
1,0
26,0
9,2
6,0
,22
,21
,5
,7
6,5
28,2
17,40
9,2
4,3
5,2
6,53
23,7
85,1
3,25
3,9
3,6
2,15
20,4
29,3
5,3
25,6
,29
5,17
88,9
5,4
7,5
5,6
2,24
3,86
1,3
5,3
6,3
1,2
5,20
0,30
22,5
8,26
16,7
30,8
9,88
20,5
24,7
36,5
29,2
20,3
2,1
,7
,6
,1
12,5
14,0
37,22
3,8
5,16
4,30
3,10
5,20
4,24
3,36
4,30
4,20
3,2
4,25
4,14
9,2
9,12
9,15
9,37
3,3
4,5
5,4
3,3
4,5
5,4
3,3
4,4
4,4
14,3
9,4
4,4
9,9
4,9
20,9
16,9
3,3
3,4
9,5
29,3
6,4
4,5
5,3
17,4
2,4
10,14
6,9
10,4
33,9
3,4
11,20
92,16
19,3
20,3
53,9
3,35
7,6
7,4
12,5
20,17
4,2
12,11
3,6
6,10
4,33
7,3
18,11
18,92
5,19
1,20
18,51
4,3
82,7
3,7
7,12
30,20
1,4
2,12
17,3
15,6
4,4
,7
4,18
3,17
20,5
5,1
3,17
23,4
5,82
3,3
6,7
8,29
5,1
3,2
6,18
3,15
11,4
33,12
4,4
22,2
14,22
30,5
16,2
20,24
10,5
67,2
7,7
7,8
14,5
0,2
2,7
13,2
18,12
6,33
10,4
10,26
49,14
6,29
23,27
50,20
5,10
13,66
,7
,7
8,14
11,0
15,2
1,14
20,19
11,5
8,13
,13
,49
,9
,25
,50
,5
,11
,2
5,0
9,7
7,10
17,19
11,1
10,20
22,14
,15
16,2
,2
,2
9,13
15,3
8,2
9,3
6,14
23,8
4,8
31,10
2,17
,12
3,10
3,23
3,6
1,14
16,5
8,4
16,9
17,15
15,8
16,12
26,7
4,23
15,4
22,32
5,2
,2
14,3
23,3
20,4
,1
15,15
2,8
10,16
9,17
14,14
24,16
19,21
20,4
7,9
16,20
8,5
1,1
3,14
1,23
3,15
34,2
3,9
5,4
5,7
4,9
2,8
25,20
1,16
3,21
6,7
1,18
36,8
6,1
5,4
3,1
7,4
5,35
1,3
1,5
3,6
13,4
,2
3,27
35,1
7,3
2,7
,1
,37
,7
14,5
4,3
66,8
,5
36,1
,1
,3
14,13
64,3
4,
10,38
8,7
6,
6,2
3,4
4,3
4,20
4,4
2,67
6,16
7,37
8,9
11,0
6,14
13,65
7,4
13,11
3,8
4,6
4,6
4,4
4,4
4,4
9,4
7,2
4,6
4,7
6,8
5,11
4,6
3,13
4,7
4,13
8,4
31,4
3,4
4,4
8,4
14,4
26,9
16,8
68,4
1,4
29,6
4,5
5,4
6,4
24,4
4,4
8,8
10,31
14,3
4,4
27,8
19,12
6,31
10,16
19,67
16,1
17,28
2,4
6,5
6,6
2,29
8,5
9,10
40,11
4,14
5,6
2,29
9,20
1,6
2,10
3,23
2,16
2,18
4,2
6,6
17,7
4,2
2,9
2,9
1,42
2,4
20,5
3,2
6,9
6,1
15,2
9,3
4,2
7,2
6,4
13,6
17,21
11,4
,2
34,2
,1
28,2
26,27
3,3
5,4
25,3
7,15
26,9
2,4
3,7
6,6
2,13
7,15
1,13
15,2
5,37
17,2
5,28
,31
,3
,5
,26
1,7
19,26
14,2
5,3
5,6
5,2
7,7
20,1
2,18
4,5
4,
4,
4,21
4,6
4,18
4,5
15,3
3,19
7,14
14,5
3,5
9,5
,7
3,20
14,2
9,4
7,4
16,4
4,4
4,4
3,4
7,4
38,15
29,3
3,7
5,14
22,3
2,9
2,3
7,
6,15
6,9
7,7
6,17
6,4
6,4
6,3
6,7
6,42
6,29
6,3
7,5
7,22
6,2
6,2
6,7
6,6
6,6
6,7
6,6
38,6
5,6
23,6
0,6
8,6
3,6
11,6
8,7
27,7
14,6
44,6
61,6
6,6
3,6
4,6
14,6
39,39
4,5
5,23
6,0
36,8
43,3
3,13
2,8
,27
18,14
33,44
13,61
29,6
21,3
2,4
2,14
,40
2,4
1,5
2,6
1,36
4,43
,3
15,
9,2
5,18
4,33
5,13
5,29
5,21
3,2
3,2
5,2
5,2
5,1
6,2
5,1
6,
5,4
5,16
5,9
5,5
6,5
5,5
5,5
2,5
2,3
2,3
2,5
2,5
4,5
2,6
3,5
2,6
2,5
2,5
4,5
2,5
2,6
2,5
2,5
5,2
2,2
9,2
2,2
5,2
22,4
8,2
7,3
3,2
3,2
3,2
3,4
3,2
3,2
3,2
3,2
3,5
3,2
4,5
3,2
3,5
3,22
3,9
3,7
3,3
3,3
3,3
3,3
3,3
3,3
3,3
3,3
3,3
3,3
3,4
3,3
3,4
3,3
3,3
3,3
3,3
3,3
3,3
3,3
3,3
3,3
3,3
3,3
3,3
3,3
3,3
3,3
3,3
3,3
3,3
3,3
3,3
3,3
3,3
3,3
,3
3,3
3,3
4,3
3,3
2,3
1,3
3,3
8,3
5,3
,3
9,3
2,3
2,3
,3
5,3
4,3
11,3
6,3
20,4
10,3
11,2
11,1
11,10
15,8
1,4
,12
2,8
1,2
4,2
3,1
4,5
,4
3,11
3,15
3,20
3,10
,11
3,11
3,11
4,17
,1
10,1
20,
3,2
3,4
4,3
4,4
3,4
4,
4,3
16,3
4,3
14,3
39,
16,3
50,3
4,4
33,10
58,22
9,3
3,3
7,4
,4
,3
,4
,4
,16
,4
,13
7,42
1,16
1,53
2,4
,33
2,57
1,9
2,3
2,7
2,7
,1
2,1
1,2
,3
1,3
,1
1,9
5,1
36,1
9,
15,2
4,2
4,1
8,2
12,2
0,2
4,2
0,
0,
26,1
4,
5,1
6,
7,7
7,34
7,9
6,16
9,4
4,4
2,10
5,12
3,0
2,5
2,0
2,0
2,23
5,4
9,5
4,6
6,7
17,7
2,7
7,6
1,9
9,4
19,2
21,5
3,3
,2
8,2
2,2
6,2
19,5
4,9
4,4
5,6
6,15
6,2
6,7
5,1
8,9
4,18
2,21
4,3
3,1
2,10
2,2
2,9
2,23
4,5
7,4
4,5
5,7
14,6
2,6
6,5
21,9
3,4
2,2
12,4
9,3
56,2
4,2
4,2
8,2
42,5
4,9
9,4
9,6
,18
6,2
25,7
1,21
19,3
32,2
36,12
6,9
,56
,4
19,4
16,8
25,42
23,4
24,9
6,12
12,4
9,5
9,25
11,1
9,19
10,32
1,38
0,6
4,3
10,3
1,21
0,10
6,26
5,27
,25
,6
,12
,10
,9
,11
,11
,10
,1
,0
,5
,10
,1
,0
,6
,5
,1
,2
,2
,3
,8
,1
,3
,8
,6
,4
,17
,3
,3
,11
,3
,1
,1
,1
,4
,5
,1
,4
,4
,3
,4
,73
,7
,7
,4
,2
,2
,3
,1
,14
,5
,0
,14
,1
,1
,5
,2
,6
,2
,14
,8
,13
,1
,1
,4
,2
,1
,4
,1
,3
,4
,1
,1
,1
,2
,1
,1
,7
,4
,4
,4
,1
,13
,1
,1
,2
,1
,1
,1
,1
,1
,1
,1
,1
,1
,1
,1
,1
,1
,5
,0
,0
,4
,32
,2
,3
,2
,2
,3
,2
,3
,2
,2
,1
,1
,2
,5
,2
,2
,1
,2
,2
,0
,0
,1
,6
,2
,7
,12
,0
,4
,2
,1
,1
,10
,2
,7
,8
,1
,1
,6
,1
,5
,4
,1
,8
,1
,1
,1
,2
,1
,1
,25
,2
,2
,3
,3
,10
,2
,3
,19
,1
,1
,2
,1
,1
,2
,7
,14
,1
,1
,11
,5
,3
,0
,7
,12
,2
,5
,2
,8
,1
,4
,1
,4
,1
,3
,5
,1
,1
,2
,2
,3
,2
,2
,1
,1
,1
,1
,1
,1
,13
,5
,5
,4
,1
,1
,2
,1
,5
,2
,2
,0
,1
,7
,1
,1
,5
,1
,3
,1
,2
,11
,3
,8
,6
,12
,12
,15
,6
,15
,6
,11
,10
,2
,1
,3
,3
,6
,1
,2
,2
,3
,1
,0
,4
,7
,4
,4
,9
,21
,9
,1
,8
,4
,3
,4
,14
,17
,8
,2
,10
,12
,1
,14
,11
,16
,6
,7
,1
,1
,8
,15
,2
,1
,5
,10
,11
,5
,2
,6
,4
,5
,3
,1
,4
,3
,8
,5
,11
,9
,7
,7
,25
,9
,6
,10
,3
,4
,6
,11
,5
,5
,11
,9
,2
,2
,3
,4
,14
,5
,2
,2
,2
,4
,1
,8
,9
,1
,22
,2
,4
,3
,3
,14
,12
,17
,4
,0
,0
,6
,1
,18
,5
,2
,7
,2
,10
,2
,6
,1
,4
,1
,13
,9
,9
,4
,6
,26
,2
,6
,8
,6
,7
,4
,5
,4
,5
,5
,5
,5
,5
,5
,5
,15
,7
,4
,8
,2
,4
,5
,9
,5
,18
,2
,0
,32
,1
,41
,4
,4
,3
,1
,8
,3
,2
,2
,0
,4
,20
,2
,34
,7
,11
,3
,1
,5
,2
,1
,12
,1
,1
,2
,0
,1
,2
,0
,1
,3
,10
,17
,35
,5
,15
,0
,1
,1
,1
,4
,1
,3
,10
,40
,10
,4
,32
,25
,18
,6
,13
,5
,2
,4
,3
,1
,6
,1
,4
,4
,53
,3
,13
,10
,4
,9
,17
,4
,2
,3
,15
,5
,5
,5
,43
,13
,13
,4
,5
,7
,1
,1
,7
,47
,7
,1
,2
,3
,2
,12
,9
,1
,2
,36
,3
,5
,4
,41
,4
,1
,13
,3
,4
,8
,7
,2
,13
,1
,4
,5
,0
,0
,18
,8
,11
,1
,25
,4
,9
,8
,4
,29
,2
,10
,1
,8
,1
,13
,2
,1
,3
,11
,11
,14
,1
,5
,5
,6
,16
,1
,3
,10
,6
,3
,11
,4
,1
,9
,17
,0
,7
,5
,25
,4
,17
,17
,12
,6
,11
,31
,2
,1
,35
,13
,0
,6
,2
,9
,13
,7
,20
,3
,0
,3
,13
,5
,6
,9
,14
,16
,8
,9
,8
,32
,1
,17
,3
,6
,14
,3
,4
,57
,6
,4
,1
,5
,5
,28
,0
,18
,6
,14
,0
,19
,3
,26
,2
,3
,7
,7
,1
,14
,0
,49
,2
,3
,4
,3
,1
,1
,11
,4
,1
,1
,1
,2
,3
,5
,7
,7
,1
,6
,22
,10
,8
,0
,2
,0
,2
,62
,3
,0
,1
,12
,8
,6
,5
,0
,3
,4
,18
,3
,13
,14
,18
,0
,1
,11
,0
,26
,2
,4
,3
,1
,27
,12
,8
,16
,2
,44
,1
,8
,3
,2
,2
,7
,18
,7
,2
,20
,10
,2
,25
,20
,15
,6
,11
,12
,19
,6
,13
,17
,2
,7
,10
,11
,6
,30
,4
,4
,1
,3
,2
,1
,4
,4
,1
,5
,1
,4
,3
,12
,5
,1
,3
,1
,1
,3
,1
,2
,3
,8
,0
,52
,12
,2
,17
,12
,1
,1
,6
,3
,0
,1
,2
,9
,4
,10
,3
,0
,2
,7
,12
,1
,3
,7
,11
,1
,6
,13
,4
,6
,4
,2
,1
,7
,10
,7
,9
,2
,1
,11
,1
,1
,3
,2
,16
,3
,2
,1
,5
,3
,5
,2
,2
,2
,2
,2
,1
,2
,2
,3
,11
,10
,13
,13
,2
,1
,2
,4
,2
,2
,3
,13
,23
,7
,6
,3
,2
,4
,5
,5
,6
,5
,5
,4
,12
,1
,0
,3
,13
,1
,1
,5
,4
,4
,3
,3
,4
,3
,3
,18
,6
,8
,3
,6
,12
,13
,3
,5
,3
,5
,6
,3
,6
,22
,2
,5
,4
,3
,8
,6
,19
,3
,1
,9
,2
,3
,7
,2
,8
,7
,6
,2
,3
,3
,1
,3
,10
,5
,5
,14
,9
,2
,4
,3
,13
,5
,11
,7
,13
,6
,5
,3
,3
,6
,0
,1
,4
,4
,4
,1
,5
,4
,4
,4
,11
,7
,1
,6
,6
,1
,4
,6
,6
,3
,9
,13
,3
,7
,8
,11
,9
,1
,9
,15
,6
,2
,3
,13
,3
,7
,3
,5
,1
,1
,2
,16
,8
,6
,12
,3
,3
,7
,19
,2
,11
,6
,5
,15
,2
,18
24,6
5,2
6,1
19,1
1,1
0,12
3,4
9,4
0,7
,1
3,2
0,1
1,1
,1
17,1
4,8
3,24
1,5
3,6
18,19
2,2
,10
,6
,9
,3
,0
22,3
2,
2,2
5,0
28,21
61,5
28,6
7,3
11,3
1,23
,
23,4
2,2
4,5
1,2
5,4
9,23
2,2
5,2
0,5
0,29
6,62
3,43
3,7
164,11
3,3
5,1
29,25
21,3
38,5
6,2
164,6
3,9
5,4
29,8
21,0
38,0
6,5
,3
6,3
31,164
2,3
3,5
18,29
1,21
14,38
5,6
2,164
4,3
2,5
6,29
11,21
1,38
1,6
1,5
1,
1,31
0,2
4,3
1,18
5,1
6,19
23,6
4,2
5,4
3,2
7,6
5,11
7,1
1,1
4,1
8,1
30,1
1,0
1,4
24,1
15,5
21,6
1,23
9,4
14,5
4,5
14,7
3,5
20,7
12,1
35,4
20,8
14,30
14,1
8,1
17,24
20,17
3,21
3,1
3,9
8,14
17,4
4,16
3,3
17,21
3,13
1,36
51,22
5,15
3,16
4,9
4,17
24,22
1,3
22,3
4,3
54,7
5,20
4,4
5,1
7,18
17,4
4,2
4,51
5,5
22,3
,4
5,4
6,24
4,1
3,22
3,4
5,54
16,5
3,3
3,4
3,7
12,17
3,4
6,
3,5
7,22
3,4
11,
5,5
2,5
6,3
33,3
14,5
13,17
9,3
16,3
17,3
4,12
5,3
4,6
1,3
1,7
18,3
2,13
11,6
,4
17,14
34,33
27,14
23,14
60,10
16,16
16,17
15,4
31,5
14,4
21,1
20,1
4,18
6,2
9,12
11,2
4,16
4,34
4,27
4,24
13,64
4,20
10,17
8,15
4,32
8,15
7,21
3,22
10,8
3,8
9,9
6,11
0,4
,4
0,4
0,4
0,13
28,4
1,10
0,8
1,4
1,8
19,9
49,3
3,10
11,3
33,9
3,6
8,0
25,0
13,0
38,0
10,0
22,28
9,1
11,0
10,1
4,1
17,18
2,49
16,3
12,11
19,33
14,3
5,8
11,25
2,14
2,39
9,10
2,22
10,9
2,10
8,9
2,4
11,16
2,2
8,15
12,11
2,17
1,18
2,5
11,8
1,2
1,2
7,8
1,2
1,5
1,2
1,6
9,2
1,9
1,2
1,7
1,10
13,2
1,1
7,2
,9
5,1
1,1
31,7
27,1
18,1
5,1
22,1
32,8
32,
23,1
8,
6,
34,12
2,
4,7
3,5
4,5
32,
7,33
6,28
6,18
2,5
11,23
6,33
6,33
8,27
32,4
4,6
3,34
5,2
4,5
3,3
3,4
4,32
4,7
3,4
3,6
3,2
4,8
4,6
4,4
3,
3,
3,4
4,3
4,5
4,4
4,3
4,2
3,4
3,4
3,2
4,2
4,3
3,3
3,4
3,4
4,3
3,3
3,3
3,5
4,5
4,5
3,4
3,3
3,3
4,3
5,3
3,4
4,4
16,3
12,3
15,3
2,4
6,3
7,3
6,3
6,4
7,4
9,3
,3
8,3
13,4
3,4
8,3
18,3
33,17
4,12
23,16
14,2
9,6
13,8
7,6
25,7
2,9
6,13
,3
3,8
2,14
4,3
,8
12,17
,33
2,5
41,
3,15
4,10
4,13
3,7
2,28
8,2
5,4
2,6
5,3
15,2
5,
5,12
6,
66,3
1,
3,41
3,3
7,4
1,4
2,3
2,2
6,8
1,5
5,2
1,5
,15
1,5
6,5
,6
3,67
2,1
5,3
3,3
3,7
4,
2,1
,2
6,2
3,6
,1
,5
3,1
,2
9,1
,6
4,
3,3
7,2
7,5
5,3
12,3
12,4
2,2
0,
24,
1,6
22,3
55,
4,3
,
12,9
16,5
0,4
,7
48,7
1,5
1,12
1,12
29,2
17,0
12,24
45,1
20,25
27,55
,4
,6
20,12
5,16
2,0
1,1
6,48
8,1
8,1
60,1
9,29
16,17
18,12
24,49
15,20
13,29
30,28
1,5
1,20
0,8
8,2
2,1
32,6
25,7
13,7
4,60
19,12
55,17
14,19
13,26
39,16
0,14
1,30
87,1
2,1
,0
2,8
,2
5,32
22,25
42,13
39,4
11,20
54,56
8,13
7,13
8,39
10,0
11,1
7,86
11,2
11,12
7,2
12,5
9,
8,23
9,
6,
7,
8,
8,
10,
7,
7,
7,
8,
7,
8,
8,
9,
11,
7,
8,
8,
8,
6,
10,
8,
7,
7,
11,
9,
19,
31,
,
43,
15,
26,
22,
,
11,
20,
35,
3,
,
1,
8,
16,
7,19
15,48
14,2
15,43
7,15
,26
12,23
,5
,11
,20
,38
11,5
1,2
17,1
4,9
4,8
4,7
4,16
19,15
23,25
1,7
4,0
6,8
8,4
7,4
17,4
30,4
14,14
1,1
2,17
9,4
10,4
13,4
1,4
2,21
2,23
3,1
,4
13,6
,8
,11
31,17
7,30
5,19
4,1
7,2
3,3
0,
33,
2,
,
4,
5,2
6,1
5,13
2,7
2,6
,33
,
37,
,4
,7
12,3
5,0
5,41
10,2
2,10
2,4
8,5
3,6
3,7
26,4
27,2
4,2
2,3
2,40
2,2
1,2
1,12
2,5
3,5
3,10
2,2
10,2
1,8
1,3
1,3
1,26
1,27
1,4
2,2
2,2
1,2
7,1
1,1
1,2
1,3
1,3
1,2
3,10
1,1
5,1
4,1
3,1
5,1
3,1
3,2
3,2
5,1
3,7
3,1
4,1
3,1
4,1
3,1
3,3
8,1
7,5
3,4
4,3
3,5
3,3
5,3
3,3
5,5
3,3
3,3
8,4
7,3
3,4
3,3
3,3
2,8
2,7
2,3
2,4
3,3
2,3
2,5
2,3
3,5
4,3
3,3
3,8
1,7
1,3
1,3
1,3
11,2
1,2
2,2
2,2
1,3
1,2
1,2
2,2
1,3
1,4
2,3
1,3
1,1
1,1
1,1
,1
21,11
7,1
,2
,2
10,1
32,1
2,1
,2
3,1
,1
3,
4,1
3,1
4,1
7,1
3,2
4,22
8,6
5,10
25,3
10,10
3,33
32,
11,2
0,3
6,8
,3
6,3
3,4
3,3
3,4
14,7
6,3
9,4
5,5
3,28
5,10
,
11,34
2,11
15,0
15,6
15,8
4,6
5,3
4,3
2,3
16,13
2,6
5,9
25,5
12,
3,3
9,5
38,12
1,2
14,18
6,15
9,16
4,4
32,5
3,5
2,2
52,17
3,2
7,5
1,26
2,12
2,3
3,10
2,38
3,1
3,15
3,6
3,9
2,4
4,32
2,3
3,2
3,51
3,3
3,7
3,1
3,2
3,2
6,3
2,2
2,3
2,3
2,3
2,3
2,2
2,4
2,2
14,3
13,3
34,3
1,3
8,3
12,3
11,3
104,6
23,2
2,2
7,2
24,2
1,2
5,2
2,2
4,2
2,15
2,14
2,34
2,1
3,9
10,13
5,9
6,105
8,23
7,2
5,7
8,24
33,1
21,5
1,2
9,4
16,2
7,2
9,2
40,2
19,3
1,10
29,5
,6
48,8
11,7
3,
18,8
8,33
1,21
13,1
21,10
70,16
8,8
16,9
20,40
2,19
4,1
2,29
,10
2,48
,
9,3
22,18
1,8
,1
,13
8,21
11,70
8,8
14,16
9,20
19,2
16,4
45,5
3,2
39,6
3,12
3,9
14,23
7,3
11,1
24,3
3,8
10,12
21,8
19,14
9,11
7,19
4,16
,42
,2
,39
,3
,3
13,13
39,5
3,11
8,24
11,2
7,10
6,21
32,19
32,9
40,9
3,2
3,1
37,1
,0
,7
,1
,12
,39
,3
8,8
20,11
17,7
19,6
3,31
10,32
6,40
23,3
4,3
10,36
,0
1,0
14,6
9,1
27,3
10,0
18,8
28,22
3,19
2,20
2,3
2,10
2,6
2,22
,5
3,10
2,1
,
,14
9,9
10,29
5,10
31,19
2,35
14,3
8,2
9,2
17,2
11,2
10,2
19,2
1,
20,
,3
,2
26,10
3,10
2,5
2,32
2,2
2,16
2,8
2,9
2,17
2,12
2,10
2,20
2,1
2,20
13,8
2,7
2,29
2,3
8,2
10,2
9,2
16,2
7,2
8,2
17,2
10,2
8,2
14,2
24,2
3,2
2,13
2,2
2,2
2,2
2,
2,10
2,9
2,15
2,8
2,9
2,17
2,11
13,9
2,15
2,25
2,3
6,2
27,2
11,2
11,2
16,2
1,2
,2
1,2
1,2
30,2
8,2
3,2
5,12
33,2
19,2
1,2
19,6
4,26
5,11
3,11
59,16
2,1
3,1
16,1
11,2
12,30
6,8
6,2
9,5
6,34
12,19
0,1
14,19
3,4
3,5
3,3
3,59
4,2
3,3
3,16
4,11
6,12
6,6
6,6
6,9
7,6
6,12
5,0
42,14
9,3
14,3
10,3
10,3
3,4
7,3
11,3
13,4
6,6
22,6
8,6
13,6
22,7
25,6
11,5
22,42
16,9
15,14
20,10
16,10
6,3
15,7
9,11
10,13
8,6
15,22
15,8
17,13
17,22
16,25
17,11
8,22
13,16
13,15
12,20
12,16
8,6
12,15
1,9
1,10
1,8
1,15
12,15
15,17
14,17
12,16
20,17
7,8
8,13
8,13
12,12
8,12
3,8
6,12
5,1
6,1
6,1
7,1
26,12
0,15
13,14
20,12
0,20
43,7
20,8
15,8
0,12
16,8
6,3
3,6
4,5
15,6
6,6
8,7
32,26
15,0
13,13
0,20
8,0
0,43
2,20
8,15
4,0
5,16
5,6
5,3
3,4
5,15
6,6
5,8
4,32
5,15
5,13
5,0
5,8
11,0
7,2
48,8
2,4
2,5
3,5
5,5
5,3
7,5
4,6
23,5
7,4
8,5
12,5
2,5
21,5
2,11
12,7
7,48
7,2
7,2
28,3
15,5
76,5
3,7
6,4
6,23
6,7
9,8
4,12
4,2
9,21
11,2
44,12
18,7
0,7
12,7
22,28
28,15
4,76
5,3
15,6
7,6
1,6
4,9
9,4
8,4
4,9
45,11
7,45
16,18
2,0
19,12
29,19
32,25
8,
13,5
21,14
9,
12,1
10,
8,9
12,7
7,
8,42
101,8
3,14
2,2
30,16
4,25
2,29
60,8
28,13
4,21
30,10
71,12
,10
5,8
,12
5,7
11,8
28,101
6,3
4,2
,30
,4
,2
,60
,35
,4
,31
78,86
1,2
3,5
1,3
1,8
7,11
5,
30,
5,
5,10
,6
10,0
48,11
7,10
2,2
3,4
3,92
95,1
2,3
4,1
1,1
12,7
2,5
3,32
15,4
13,4
6,8
8,13
2,48
10,7
92,2
2,3
20,3
19,98
13,2
13,4
13,1
16,13
13,3
8,3
1,18
10,15
80,6
3,8
6,2
11,9
9,96
17,2
19,26
12,21
5,13
5,13
,13
41,16
31,13
21,8
17,1
23,7
41,74
23,3
19,6
6,11
6,9
3,21
33,23
1,12
16,5
9,5
4,1
,40
16,29
7,20
25,12
5,18
23,32
9,17
18,13
7,6
3,6
11,3
14,33
32,1
1,16
27,10
7,5
6,14
28,16
2,8
2,25
1,
16,22
0,10
0,18
0,7
0,3
,12
18,13
6,32
28,1
3,28
1,7
1,6
7,28
19,2
14,2
25,1
15,17
36,0
2,0
2,0
2,0
2,2
2,18
2,6
1,28
3,3
1,1
8,1
9,7
14,19
5,14
14,25
21,16
60,35
60,2
35,2
18,2
0,2
24,2
,2
,1
7,3
23,1
13,8
4,9
12,14
3,5
36,14
,21
12,60
11,60
42,39
14,18
36,0
,26
19,3
3,9
3,7
14,23
18,13
15,4
18,14
4,
,38
27,3
4,10
12,16
6,43
8,15
4,24
13,1
,18
,3
22,3
8,13
10,18
2,15
28,18
9,
5,7
1,27
5,4
2,13
11,6
8,8
,4
,
,12
,14
2,23
3,8
29,11
,2
0,28
21,9
5,5
0,1
0,6
7,5
3,
1,
19,11
21,0
16,3
,15
7,2
3,3
5,30
8,0
5,0
3,21
5,5
10,0
7,0
0,7
5,3
11,1
13,18
,21
4,16
5,9
4,7
9,2
4,5
9,8
4,4
9,5
5,4
9,9
4,7
9,0
9,4
6,12
4,13
5,5
35,
10,5
4,5
3,9
6,5
8,9
14,4
1,9
1,5
1,9
1,4
1,9
0,10
0,6
12,4
14,5
5,36
8,9
9,5
48,3
2,6
2,8
2,14
2,1
2,1
2,1
1,1
1,1
2,0
1,0
1,13
1,14
1,5
2,8
1,9
1,50
25,2
50,2
2,2
10,2
12,2
3,2
33,1
0,1
1,2
1,1
0,1
,1
0,1
,2
1,1
,1
3,25
,53
3,2
,11
3,14
8,4
9,34
,
3,1
12,1
,0
18,0
23,
26,0
2,1
13,3
18,
12,3
12,
15,3
,
,8
,6
,2
8,3
2,11
13,4
12,17
1,23
9,25
11,2
,17
,18
2,12
,12
0,15
12,5
13,9
14,6
4,5
11,8
22,2
17,14
17,13
16,1
22,13
4,18
,3
,3
22,3
18,6
3,1
7,13
3,14
25,15
20,8
2,11
15,21
19,17
1,16
2,13
10,20
16,4
13,4
7,6
15,25
4,25
3,3
,8
16,3
15,25
10,20
9,2
12,16
5,20
33,1
19,2
7,9
8,17
10,13
19,7
23,15
,5
,3
,3
16,16
13,16
15,10
10,9
14,12
9,5
12,34
8,20
2,14
10,11
,12
8,20
39,25
54,1
21,6
23,4
6,16
4,14
6,13
7,9
,17
3,6
8,12
7,9
18,2
6,
21,10
16,7
19,39
6,54
14,21
5,23
21,6
7,4
30,6
3,7
3,3
3,
3,8
3,7
3,18
10,7
18,21
16,16
47,16
15,6
3,16
48,5
21,23
4,7
3,30
9,3
7,3
13,3
3,3
3,3
3,3
3,14
3,18
3,17
3,47
3,15
3,3
3,51
3,21
3,4
3,3
3,11
3,7
3,15
3,3
3,3
3,3
3,3
3,3
3,3
3,3
3,3
3,3
3,3
3,3
3,3
3,3
3,3
3,3
3,3
3,3
3,3
4,3
3,3
3,3
15,3
0,3
70,3
70,3
27,3
73,3
33,3
6,3
2,3
1,3
2,3
2,3
15,3
6,4
8,3
18,3
10,18
7,0
15,70
17,70
4,29
3,73
18,37
3,6
8,2
5,1
12,2
78,2
7,15
4,6
9,8
38,18
72,10
18,10
22,15
5,11
3,5
5,3
31,17
,
45,
5,
27,11
7,78
58,6
50,4
6,7
10,38
,72
,18
,22
,5
14,3
16,5
35,31
17,3
5,45
2,6
10,29
9,7
1,
8,
3,
10,
4,62
3,54
52,6
4,13
2,14
68,16
2,35
2,17
2,5
2,2
2,10
3,9
3,1
2,7
4,3
,10
,4
4,3
,51
1,4
5,2
4,68
3,2
3,2
63,2
3,2
10,2
64,3
2,3
2,2
2,
2,4
2,4
3,4
3,4
2,1
4,5
4,4
1,3
3,3
,63
35,3
2,10
12,65
5,2
2,2
32,2
10,2
19,2
,3
,3
2,2
2,4
,4
62,1
3,3
24,2
4,29
17,
4,13
9,5
12,2
4,32
38,10
12,19
3,7
3,2
3,
22,2
11,2
57,63
4,3
2,24
6,4
59,17
4,4
13,9
36,12
6,5
29,40
22,12
5,3
7,3
5,3
7,23
63,12
35,57
16,4
9,2
2,6
2,59
5,4
5,12
8,36
,6
,29
29,22
17,5
21,7
,5
6,7
27,63
,36
,16
,9
12,2
,2
27,6
0,6
5,8
2,10
24,5
2,29
3,15
11,22
10,3
37,7
16,38
9,4
17,4
10,4
16,13
15,5
27,27
2,0
2,5
2,2
3,24
3,2
23,3
8,11
12,10
5,37
10,16
3,9
3,17
3,10
3,16
3,15
3,27
3,2
6,2
5,2
8,3
9,3
4,23
5,8
3,12
8,5
3,10
5,3
9,3
8,3
7,3
2,3
2,3
14,3
4,6
5,5
3,8
8,9
3,4
8,5
5,3
6,8
5,3
10,5
5,9
24,8
,7
,2
,2
,12
12,5
41,6
,3
,14
26,3
,8
23,5
21,6
25,4
15,13
,5
16,21
10,13
6,13
23,15
6,4
1,12
6,27
4,4
9,3
6,21
7,7
46,23
2,21
3,25
3,19
2,7
2,11
3,11
21,6
6,23
2,6
2,1
3,6
0,5
1,16
1,7
18,6
1,45
4,2
1,3
31,3
2,2
3,2
1,3
,23
3,6
3,2
3,2
2,3
2,0
3,1
,1
,19
2,1
4,4
1,1
6,34
3,2
3,3
4,1
3,3
1,3
3,3
3,3
4,2
1,2
24,3
3,2
4,2
12,2
8,4
2,1
5,6
2,3
8,3
5,4
6,3
10,1
,3
,3
,4
,1
,24
,3
,4
,12
,8
,2
,5
,2
,10
,5
,6
,9
,3
,10
,11
,15
,5
,2
,25
,8
19,2
2,2
27,2
7,2
45,17
2,2
3,11
3,2
2,2
2,2
3,2
28,15
3,13
5,3
5,5
8,1
2,21
5,2
2,27
24,7
2,42
2,2
3,3
19,3
2,2
31,2
2,3
13,28
15,3
79,5
6,5
21,8
31,2
11,5
43,2
10,25
49,2
11,2
10,3
79,19
3,2
8,32
7,2
6,14
,18
6,79
6,6
7,22
6,29
7,10
6,40
10,8
8,51
4,10
6,10
7,80
6,3
3,8
3,7
3,6
3,2
3,6
3,6
3,7
45,6
22,7
138,6
10,10
144,8
74,4
60,6
9,7
23,6
18,3
2,3
15,3
1,3
1,3
41,3
25,3
33,45
3,24
17,138
,10
,144
,74
31,60
15,9
15,23
,18
,2
15,16
14,1
17,1
51,41
49,25
52,33
9,12
,18
6,5
7,8
41,5
25,31
20,19
,15
6,4
33,4
27,15
10,14
6,19
7,49
46,49
29,52
32,9
12,13
26,6
6,7
11,41
5,27
50,20
10,9
5,6
4,33
6,29
7,10
40,6
23,7
20,48
6,31
15,35
30,12
37,25
,6
49,10
9,5
4,49
3,10
2,5
,4
,6
18,7
35,40
22,23
21,19
10,5
5,14
15,30
8,37
4,3
5,52
10,9
13,4
10,3
15,
2,9
14,6
3,18
5,36
4,21
2,21
28,11
34,5
4,15
9,9
11,4
21,5
28,10
22,18
,14
,16
,2
,13
,3
,7
,4
,2
,29
4,34
14,
1,9
7,12
23,21
27,28
28,22
10,1
,2
13,3
26,2
14,2
31,7
2,6
21,1
28,4
40,4
18,22
1,4
7,8
2,23
1,30
3,32
,10
,15
,14
1,26
25,14
11,31
13,2
5,21
3,28
5,40
4,19
12,1
,11
11,4
4,1
3,3
5,1
3,16
12,1
2,
,30
3,12
,10
,5
1,3
3,5
1,4
3,9
,9
,10
2,4
3,3
2,5
3,3
1,10
3,4
,9
17,3
12,4
,3
8,1
13,5
5,1
3,5
,2
14,5
27,2
11,8
5,2
3,8
3,1
3,5
9,1
10,18
9,13
4,5
9,6
,12
6,5
34,8
14,1
5,14
22,27
4,11
27,5
1,3
30,3
12,3
15,9
17,12
,6
21,5
,9
4,6
51,6
5,33
18,14
26,5
3,22
4,4
,28
1,1
99,30
4,12
5,15
1,17
5,12
3,23
3,4
8,
3,52
,5
7,17
7,26
5,3
5,4
5,4
5,1
0,88
3,4
1,5
,1
,
,
5,
,
,3
2,5
10,5
,5
4,5
,0
,3
1,1
5,
2,
,
,7
2,7
,4
,
,5
,2
,
,10
,4
4,
1,1
35,5
17,
,
2,
,2
2,2
8,
14,17
2,3
13,6
15,5
13,3
15,11
4,7
1,4
14,1
4,23
5,20
22,2
13,
18,2
7,
8,
4,12
7,
20,13
7,15
16,13
48,15
2,4
6,1
28,14
27,6
25,5
52,27
16,13
5,18
36,7
15,8
,4
13,7
13,20
10,7
83,16
4,48
4,
4,7
10,28
6,29
3,29
28,53
11,16
5,5
4,35
2,
12,15
9,15
,15
,10
17,81
4,4
68,4
20,4
17,10
26,7
,3
,29
12,11
1,5
,4
2,2
33,15
3,9
17,6
19,1
4,17
,4
,69
,20
,17
,26
,17
,17
,13
,
9,1
15,2
17,36
47,3
15,17
2,20
6,4
16,7
,8
12,8
4,1
,7
7,7
6,3
2,12
,2
6,10
6,15
6,18
6,59
9,26
6,2
16,6
15,16
8,3
9,13
10,6
12,7
37,7
2,6
2,2
8,7
8,6
1,6
12,6
53,6
3,11
2,8
2,16
14,15
29,8
47,9
3,10
3,12
3,37
10,2
7,2
5,8
1,9
17,1
2,12
12,53
1,3
12,2
20,2
1,14
8,30
3,47
10,3
2,3
7,3
3,14
3,
9,
3,1
11,20
19,3
0,13
3,2
6,12
28,20
7,1
2,8
30,3
5,10
17,2
43,7
29,3
20,3
35,9
10,3
31,12
5,22
4,0
19,3
34,6
19,28
3,7
4,2
16,31
5,5
8,18
6,43
5,29
19,20
51,37
2,13
23,31
10,6
5,4
4,19
4,34
5,19
5,3
5,4
5,16
5,5
6,8
30,6
24,5
,19
50,51
5,2
44,23
2,10
19,5
27,4
6,4
30,5
3,5
20,5
4,5
43,5
18,6
26,
8,24
13,30
8,50
5,6
9,43
6,2
5,19
,27
,6
,30
18,3
,22
,4
5,43
7,18
3,26
8,8
10,13
2,8
9,5
19,13
26,6
2,5
2,5
2,7
2,3
2,20
2,1
23,5
4,
2,
2,
1,5
2,9
2,2
,9
,18
1,27
2,2
13,2
3,2
15,2
20,2
13,
63,16
3,
19,2
39,
14,
16,
15,
16,1
14,2
10,
14,
8,13
10,3
7,15
,20
1,13
28,63
30,3
3,24
2,35
7,15
2,16
17,17
6,16
11,14
3,10
22,14
,8
13,10
30,7
18,0
34,1
4,29
4,29
4,3
4,2
3,7
5,3
,17
5,6
,15
6,3
16,43
36,2
3,22
2,31
,17
2,34
5,4
2,4
5,4
5,4
,3
12,
41,5
4,
,6
2,
,16
2,37
,3
7,2
3,2
7,3
6,
,4
5,5
,
4,5
4,15
,42
,
5,4
4,
,2
,
2,2
,7
5,3
4,8
,6
2,6
,
4,5
4,
,
,3
7,4
4,
,
,7
2,6
,
3,2
2,5
,
3,4
6,
,2
,
4,
5,3
3,4
4,
7,
3,6
,5
,
19,2
6,
4,3
4,2
,
25,3
3,6
1,5
7,
4,4
5,5
17,4
4,7
9,3
2,3
3,3
5,20
3,6
4,4
37,4
3,4
4,25
5,3
3,1
2,7
5,4
34,5
4,17
4,4
4,9
4,2
3,3
5,5
6,3
16,4
37,35
3,3
2,4
2,5
3,3
5,2
5,6
6,33
6,4
5,4
8,4
11,4
5,3
9,5
5,6
8,15
5,40
8,3
9,2
3,2
5,3
15,5
43,5
5,9
5,6
6,5
4,8
3,12
43,10
4,13
2,5
2,8
6,5
3,8
7,10
6,3
6,5
5,16
4,40
4,4
7,4
6,5
2,4
5,2
4,38
2,4
4,2
4,2
6,8
5,3
2,6
3,6
2,6
3,5
6,4
5,4
4,7
25,6
12,2
3,5
3,4
6,2
12,4
9,4
12,6
14,5
12,2
7,3
32,2
9,3
3,5
2,5
3,4
3,24
3,12
3,3
3,3
3,6
3,12
2,9
3,12
3,13
3,12
3,6
3,25
3,9
3,3
3,2
3,3
3,3
3,3
3,3
3,3
3,3
3,3
3,2
70,3
,3
,3
17,3
4,3
6,3
3,3
4,3
6,3
3,3
4,3
6,3
3,3
4,3
6,3
3,3
4,68
5,0
3,37
24,17
52,4
10,6
3,3
3,4
3,6
3,3
3,4
3,6
3,3
3,4
3,6
3,3
3,6
2,5
4,4
41,21
,50
12,10
32,3
22,3
7,3
9,3
6,3
6,3
31,3
3,3
1,3
3,3
6,3
6,2
25,4
3,39
4,0
4,11
4,36
7,21
5,6
4,8
23,6
4,6
5,30
21,3
68,1
2,3
8,5
8,6
0,24
2,3
6,4
,4
35,4
2,6
2,5
2,4
9,19
2,4
3,3
11,21
6,71
3,2
8,8
7,8
3,0
2,2
3,7
2,2
7,
2,
,
,
,
,
,
,
,
,
,
,
,
,
,
,
,
,
,34
,2
,2
55,2
7,9
4,2
5,3
7,11
3,6
7,3
3,8
5,7
6,3
4,2
3,3
4,2
3,7
4,9
5,12
,50
,7
,4
30,5
,7
,3
,7
,3
,5
,6
,4
12,3
11,4
19,3
66,4
18,5
,22
22,6
27,22
16,31
56,8
4,31
22,0
,6
,11
,21
,5
,21
,39
,20
,66
,18
,16
,23
,27
,16
,57
,4
,
,19
,5
,3
,34
,5
,6
,4
,3
,4
,6
,4
,9
,9
,4
,15
,8
,8
,7
,14
,5
,22
,26
,3
,4
,3
15,33
8,5
2,19
6,3
6,7
12,21
0,34
,4
,4
,5
,2
,8
,14
,6
,21
,7
,15
,8
,2
,6
,6
,12
,0
,17
,5
,13
,25
25,21
2,3
15,2
9,7
4,7
20,1
6,1
2,9
,5
,5
,9
35,2
20,12
2,6
6,18
2,2
11,25
9,2
9,16
2,9
9,4
7,20
2,8
7,12
2,57
8,1
2,9
14,39
25,22
6,13
10,8
2,12
9,11
2,14
12,11
21,12
13,11
2,9
13,12
2,9
10,12
2,10
9,12
2,14
,27
,15
,12
,12
,11
,12
,14
,23
,15
,12
,15
,12
69,12
,12
,11
29,12
2,7
19,10
6,18
4,6
,28
4,10
,10
6,10
46,19
0,15
4,7
5,8
10,70
26,22
5,1
5,20
9,
,19
13,6
1,4
20,5
8,
3,4
12,7
0,47
0,0
0,4
0,7
,12
,29
11,5
18,5
8,11
25,0
5,13
9,1
12,20
1,3
1,3
2,13
3,0
18,0
0,0
0,0
0,4
1,1
1,11
12,19
0,8
0,25
27,5
20,9
3,12
3,1
11,1
6,4
3,3
9,18
9,0
6,0
10,0
5,1
6,1
5,13
4,0
4,0
5,27
23,20
3,3
3,3
6,11
6,7
6,3
3,9
,9
,6
7,10
20,5
2,6
6,5
13,4
44,4
7,5
21,25
20,3
7,3
4,6
4,6
20,10
11,3
52,4
11,3
9,7
24,20
37,2
,6
,15
,45
,7
9,21
34,20
34,8
2,4
65,4
2,20
18,11
9,52
39,11
37,9
46,23
2,35
14,7
37,26
31,1
23,16
8,9
15,34
4,35
3,2
42,65
15,3
12,17
5,8
43,40
16,36
10,54
19,2
13,14
43,36
9,20
5,33
3,10
4,19
4,4
23,3
9,42
4,14
11,13
,6
3,43
4,16
2,10
3,19
4,13
4,43
0,9
17,5
,3
10,4
16,4
6,21
3,9
7,
7,10
34,3
0,
7,4
5,2
46,
23,4
23,4
10,0
16,19
13,14
19,10
39,18
10,6
4,3
3,7
6,
33,31
15,0
7,
14,5
14,46
2,23
,23
,10
16,16
4,13
3,17
23,37
5,10
,4
14,3
,6
,33
7,15
2,7
22,15
2,14
1,2
19,8
32,3
42,16
19,5
,3
51,23
9,5
8,9
12,18
8,1
23,4
7,6
15,1
1,21
,2
12,1
15,21
3,31
5,44
4,21
,3
1,43
83,14
2,13
2,17
13,13
3,22
2,7
3,15
6,2
2,1
6,12
21,15
3,
3,5
16,4
23,3
26,1
4,84
7,2
8,2
3,13
3,3
68,2
3,3
14,6
5,2
8,6
4,21
2,3
3,3
7,16
9,23
2,26
21,4
4,7
2,9
2,3
2,3
10,68
2,3
19,15
7,5
5,8
8,4
3,2
3,3
17,7
9,9
5,2
4,20
41,4
6,2
36,2
2,2
3,10
4,2
4,19
4,7
4,5
4,8
4,3
4,3
4,17
27,9
1,4
13,4
12,41
13,6
11,36
11,2
12,3
14,4
13,4
38,4
28,4
7,4
1,4
6,4
15,4
22,28
11,2
6,14
23,13
6,14
31,12
5,12
2,13
,15
,14
15,39
5,28
13,8
,1
7,6
5,15
3,23
13,10
1,6
37,26
11,6
22,30
1,5
26,
46,2
13,3
2,15
12,5
12,15
10,2
5,8
10,5
24,2
11,12
,1
,37
47,11
15,22
13,1
31,25
15,47
9,13
3,2
24,12
10,12
4,10
47,5
15,10
13,29
30,11
15,13
9,0
41,47
19,15
4,13
18,32
6,15
12,9
12,3
0,23
,8
4,4
6,47
26,15
36,13
8,29
25,15
12,8
4,40
7,20
5,6
,19
3,6
1,15
24,12
12,0
32,4
,
19,10
22,24
2,36
2,8
9,20
21,13
10,16
,7
13,4
13,1
32,3
19,1
,24
16,14
17,32
56,16
47,
11,22
29,2
19,2
40,9
9,21
32,10
18,13
21,
56,13
47,31
11,20
29,17
19,
40,17
9,56
32,47
18,11
21,29
56,19
47,40
11,9
29,32
19,18
40,21
9,56
32,47
18,11
21,29
56,19
47,40
11,9
29,32
19,18
40,21
9,56
32,47
18,11
21,29
56,19
47,40
11,9
29,32
19,18
40,21
9,56
32,47
18,11
21,29
56,19
47,40
11,9
29,32
19,18
40,21
9,56
32,47
18,11
21,29
56,19
47,40
11,9
29,32
19,18
40,21
9,56
32,47
18,11
21,29
56,19
47,40
11,9
29,32
19,18
40,21
9,56
32,47
18,11
21,29
56,19
47,40
11,9
29,32
19,18
40,21
9,56
32,47
18,11
21,29
56,19
47,40
11,9
29,32
19,18
40,21
9,56
32,47
18,11
21,29
56,19
47,40
11,9
29,32
19,18
40,21
9,56
32,47
18,11
21,29
56,19
47,40
11,9
29,32
19,18
40,21
9,56
32,47
18,11
21,29
56,19
47,40
11,9
29,32
19,18
40,21
9,56
32,47
18,11
21,29
56,19
47,40
11,9
29,32
19,18
40,21
9,56
32,47
18,11
21,29
56,19
47,40
11,9
29,32
19,18
40,21
9,56
32,47
18,11
21,29
56,19
47,40
11,9
29,32
19,18
40,21
9,56
32,47
18,11
21,29
56,19
47,40
11,9
29,32
19,18
40,21
9,56
32,47
18,11
21,29
56,19
47,40
11,9
29,32
19,18
40,21
9,56
32,47
18,11
21,29
56,19
47,40
11,9
29,32
19,18
40,21
9,56
32,47
18,11
21,29
56,19
47,40
11,9
29,32
19,18
40,21
9,56
32,47
18,11
21,29
56,19
47,40
11,9
29,32
19,18
40,21
9,56
32,47
18,11
21,29
56,19
47,40
11,9
29,32
19,18
40,21
9,56
32,47
18,11
21,29
56,19
47,40
11,9
29,32
19,18
40,21
9,56
32,47
18,11
21,29
56,19
47,40
11,9
29,32
19,18
40,21
9,56
32,47
18,11
21,29
56,19
47,40
11,9
29,32
19,18
40,21
9,56
32,47
18,11
21,29
56,19
47,40
11,9
29,32
19,18
40,21
9,56
32,47
18,11
21,29
56,19
47,40
11,9
29,32
19,18
40,21
9,56
32,47
18,11
21,29
56,19
47,40
11,9
29,32
19,18
40,21
9,56
32,47
18,11
21,29
56,19
47,40
11,9
29,32
19,18
40,21
9,56
32,47
18,11
21,29
56,19
47,40
11,9
29,32
19,18
40,21
9,56
32,47
18,11
21,29
56,19
47,40
11,9
29,32
19,18
40,21
9,56
32,47
18,11
21,29
56,19
47,40
11,9
29,32
19,18
40,21
9,56
32,47
18,11
21,29
56,19
47,40
11,9
29,32
19,18
40,21
9,56
32,47
18,11
21,29
56,19
47,40
11,9
29,32
19,18
40,21
9,56
32,47
18,11
21,29
56,19
47,40
11,9
29,32
19,18
40,21
9,56
32,47
18,11
21,29
9,19
15,40
14,9
6,32
2,18
15,21
44,56
2,47
3,11
9,29
7,19
12,40
40,9
26,32
11,18
5,21
11,9
6,15
14,14
16,6
6,2
13,15
35,44
33,2
8,3
25,9
27,7
23,12
2,41
1,26
7,11
2,5
14,11
12,6
1,14
5,16
5,6
7,13
5,35
3,40
10,8
,25
13,27
12,23
10,2
2,1
14,9
10,3
8,15
7,12
16,1
6,4
6,6
6,7
7,6
3,3
5,10
2,7
8,13
,12
8,10
26,3
5,13
16,10
9,
6,7
,16
,6
9,10
,6
,7
18,5
8,
34,2
28,10
35,1
28,10
2,26
39,5
10,17
11,9
4,6
2,5
1,3
0,
2,9
4,9
39,11
2,8
5,29
3,29
3,35
25,32
44,2
16,44
3,10
24,11
0,3
7,2
8,1
41,0
2,2
2,4
22,42
13,2
1,5
3,3
14,3
61,27
3,47
5,19
5,3
10,25
15,1
12,7
3,8
,44
,3
6,2
,24
,13
,1
9,3
2,14
3,60
16,3
31,5
5,5
1,10
,17
5,12
13,3
9,9
14,2
16,6
3,8
6,1
13,2
1,
8,
8,3
7,15
17,29
4,4
3,1
3,0
3,5
5,13
1,9
14,13
62,16
1,
22,6
2,13
24,1
53,7
8,8
27,7
9,17
7,4
,3
1,3
1,3
1,5
39,1
1,14
,62
1,1
,22
,2
1,24
,53
32,8
1,27
20,9
20,6
6,1
1,
14,1
1,
15,39
1,
17,1
4,
4,1
10,1
13,
36,1
18,32
10,1
8,21
2,26
5,7
1,2
4,18
4,1
4,21
4,1
4,21
4,4
4,4
4,12
4,15
4,42
4,19
4,13
4,11
4,
4,
4,1
15,4
2,4
20,4
12,4
8,4
42,4
4,4
8,4
53,4
,4
,4
16,4
5,4
4,4
17,4
6,4
6,15
24,2
6,20
6,13
9,
5,42
,4
56,8
6,53
6,0
1,8
28,16
17,5
10,4
,17
,6
6,6
14,24
,6
6,6
7,9
6,
8,5
7,56
16,6
,6
14,1
11,28
,17
15,12
5,8
3,3
,5
15,14
6,3
13,6
15,7
19,6
7,8
32,7
42,17
39,9
6,15
1,12
2,3
2,15
15,5
1,3
12,4
,15
,
,15
27,17
0,18
3,7
38,32
23,42
2,39
,6
20,1
7,2
,2
5,15
,1
,18
53,1
3,1
3,1
3,27
3,0
5,3
9,38
10,25
12,
,2
4,21
7,7
5,6
7,8
4,11
2,2
11,53
12,3
15,3
11,3
14,3
,5
,9
35,
4,12
6,4
5,
2,7
27,5
3,7
,4
,2
,11
,7
,14
,13
,18
11,16
,2
,37
18,4
,7
21,5
4,2
4,31
15,4
5,2
4,9
2,13
2,15
2,2
2,2
9,2
2,13
20,5
2,3
22,19
9,2
24,23
,4
12,4
7,15
15,5
15,4
2,2
26,2
9,2
11,2
6,10
,3
4,20
5,2
5,20
6,10
6,24
,5
,12
28,8
13,15
2,13
3,2
1,27
,9
,12
,8
40,4
13,4
4,5
3,
4,7
4,6
2,4
7,8
5,28
3,15
5,2
3,3
4,1
6,10
4,5
,4
10,27
6,13
19,4
15,3
6,4
3,4
6,2
12,7
2,5
2,3
11,5
7,3
5,4
14,6
6,4
5,18
4,10
8,6
3,19
8,15
,6
,3
,6
,13
,2
,3
,11
,7
,8
1,15
7,6
18,5
,4
32,8
11,3
12,8
,5
15,7
29,5
10,2
4,2
2,3
11,6
11,25
10,9
4,1
6,9
17,18
3,19
31,40
15,12
35,12
11,18
19,15
50,29
7,9
,4
14,3
,2
8,10
15,11
5,11
7,4
19,6
2,18
11,4
7,31
6,13
10,35
8,11
6,19
14,51
33,7
4,8
19,18
3,1
19,8
3,15
11,5
8,6
11,25
8,2
,11
,7
,6
,10
,8
11,6
11,14
15,34
7,4
17,20
,3
44,20
3,3
15,11
13,8
8,11
14,8
,0
9,15
,3
,2
,18
,11
,11
,15
9,6
6,17
7,8
12,45
9,3
13,15
7,13
13,8
9,14
1,3
36,9
8,3
11,10
6,9
3,7
,5
8,2
27,
18,6
3,7
0,12
19,
20,13
47,7
5,14
1,9
2,1
10,36
4,6
4,
1,
4,
4,7
5,20
6,27
4,18
4,3
3,0
3,18
16,20
0,47
6,5
5,1
14,2
13,10
9,4
15,4
19,1
,4
4,4
27,5
23,6
4,4
25,4
7,3
4,3
3,16
9,0
2,4
43,5
5,14
26,13
6,9
26,15
8,21
0,5
9,3
17,26
9,23
19,4
13,25
20,9
28,4
10,3
46,9
11,2
2,43
16,5
17,26
14,6
3,26
15,8
19,0
45,9
6,17
8,9
4,18
12,13
,19
9,27
,9
30,46
19,11
16,1
3,16
15,17
8,15
9,3
,15
4,20
15,45
16,6
16,8
3,4
,15
17,3
8,23
2,6
14,30
,19
14,17
4,
15,15
2,8
4,8
14,9
4,3
15,15
4,16
34,17
13,3
11,3
13,17
,8
,2
25,15
5,0
23,14
4,4
9,14
27,
1,4
3,14
4,4
47,15
9,4
1,34
2,13
81,11
1,13
3,1
4,1
26,25
11,5
7,23
2,4
1,9
10,27
38,1
25,3
19,4
2,47
28,9
13,1
,2
,81
1,1
1,3
89,4
6,27
1,11
1,7
3,2
47,1
2,11
3,37
2,25
26,21
37,4
7,35
38,14
7,3
,1
1,1
0,1
0,90
0,7
0,1
0,2
0,4
0,48
0,2
0,3
0,3
0,27
0,39
0,7
0,38
0,7
0,0
0,1
0,0
0,0
0,0
0,0
0,0
0,0
0,0
0,0
0,0
0,0
0,0
0,0
0,0
0,0
0,0
0,0
0,0
0,0
0,0
0,0
0,0
0,0
0,0
,0
0,0
0,0
0,0
0,0
0,0
27,0
1,0
3,0
4,0
87,0
1,0
4,0
3,0
68,0
3,0
2,0
2,0
6,0
6,0
2,0
4,0
3,0
3,27
3,1
3,3
3,4
3,87
7,1
5,4
3,3
66,68
4,3
5,2
56,2
3,6
5,6
1,2
2,4
4,3
4,3
0,4
10,3
3,4
5,3
36,7
5,6
3,3
3,66
3,4
,5
3,56
3,3
1,5
10,1
12,2
11,4
9,4
1,0
2,10
5,3
1,5
1,37
2,5
19,3
2,3
5,3
4,3
2,3
6,3
8,1
9,10
12,12
7,11
6,9
3,1
8,2
10,5
4,1
0,1
3,2
10,19
0,2
10,5
11,4
6,2
10,6
2,8
5,9
8,12
5,7
3,6
7,3
6,8
3,10
7,4
11,0
12,3
7,10
12,0
8,10
11,11
1,6
6,10
1,2
4,5
3,8
8,5
2,3
1,7
4,6
4,3
1,7
2,11
4,12
4,7
10,12
14,8
8,11
10,1
7,6
14,1
12,4
3,3
3,8
85,2
12,1
17,4
15,4
,1
,2
,4
,4
,10
,14
,8
,10
21,7
4,14
8,12
4,3
3,3
,85
6,12
,19
6,15
5,16
12,14
4,3
,4
8,5
6,3
6,6
5,3
10,18
9,
,7
4,
15,
7,3
6,7
4,5
5,5
13,5
1,13
12,5
39,6
12,10
5,
17,5
20,5
16,11
14,9
13,5
19,2
99,16
,8
0,0
15,
,
8,13
30,1
5,12
5,40
,13
5,6
6,17
,21
9,16
12,14
17,12
,23
,99
6,0
7,
14,15
19,3
4,8
6,31
5,5
,5
,9
11,5
6,6
8,8
6,8
,12
15,16
5,3
26,3
4,7
0,8
3,15
1,19
3,4
31,7
20,5
9,16
9,6
23,
23,
19,7
18,
16,6
13,16
15,5
21,26
24,4
12,1
19,1
25,2
21,4
7,31
8,20
8,9
7,9
15,23
5,23
17,19
12,18
12,16
18,13
6,16
9,21
6,24
9,13
10,20
13,25
6,20
6,7
9,8
9,8
9,7
9,15
15,5
7,17
4,12
9,12
4,18
8,6
7,9
6,6
5,9
14,10
22,13
16,6
20,6
42,8
4,10
,10
4,10
16,15
,7
5,5
,9
6,4
12,8
,6
,6
,5
,14
,22
,16
9,21
2,43
34,4
11,3
,6
12,18
23,0
26,
,6
22,
10,
3,1
32,5
26,6
1,1
2,5
13,13
15,9
,2
17,34
8,
2,11
2,12
15,23
5,28
18,2
3,23
2,10
2,3
14,32
0,27
3,1
1,2
8,13
2,15
11,4
7,17
1,8
3,2
4,2
6,16
5,6
5,19
2,4
5,2
5,2
4,14
4,1
37,3
1,1
1,8
2,2
39,9
3,7
2,1
,4
9,3
21,6
33,5
4,6
7,4
4,5
14,5
5,5
,5
,36
,2
,2
14,3
,44
3,5
6,3
4,10
10,6
4,21
,33
0,4
6,7
8,4
12,15
7,4
10,4
7,4
23,4
10,4
8,14
5,5
2,4
7,6
3,4
9,10
2,4
14,0
11,
1,6
10,8
18,12
10,6
7,10
,7
,22
,10
20,8
7,5
1,2
4,7
40,3
9,9
,2
,14
,11
4,1
28,10
4,18
14,10
4,7
13,19
18,2
46,2
27,21
4,7
3,1
40,4
0,43
54,9
4,4
3,4
2,5
19,4
13,30
2,4
27,14
3,4
4,13
3,19
4,44
4,25
,4
15,4
13,40
9,0
9,54
,4
,3
5,2
9,19
18,14
,2
,27
2,3
,4
23,3
,4
15,4
20,0
21,18
,13
14,10
13,10
16,3
11,6
14,9
7,10
22,21
20,2
24,1
10,4
19,3
9,
21,29
16,16
38,20
1,21
,12
21,13
,12
25,15
,14
,17
0,8
26,62
3,37
,14
,11
60,19
4,9
7,16
4,17
13,30
12,1
16,2
7,22
13,26
24,
6,3
8,2
10,0
39,26
2,3
85,58
10,4
27,
20,
74,7
18,4
5,13
58,12
4,16
28,6
4,13
18,24
10,6
,8
,10
4,39
,2
,85
,10
10,27
30,20
34,74
3,11
4,5
5,61
4,4
3,28
4,4
0,20
5,12
0,5
4,5
3,4
3,11
3,2
4,2
4,10
0,30
3,38
3,3
4,4
3,5
3,4
4,3
2,4
3,0
3,5
3,0
3,4
2,3
3,3
,3
,4
3,4
3,0
4,3
3,3
3,4
3,3
5,3
4,4
3,2
4,3
4,3
0,3
0,3
4,2
0,3
3,3
30,3
4,3
0,3
4,4
3,3
3,3
17,3
6,5
13,4
15,3
3,4
8,4
13,0
15,0
3,4
8,0
13,3
15,31
3,4
8,0
13,4
15,3
3,
8,
12,
22,13
3,15
,3
22,8
4,13
,15
28,3
7,8
5,13
1,15
4,3
25,8
,13
14,15
3,3
7,8
7,14
3,24
7,3
10,6
8,31
11,4
1,3
10,28
18,7
0,5
21,1
12,5
17,25
,1
5,15
10,2
,7
,9
1,3
10,8
28,10
,9
1,10
25,1
13,9
5,17
3,0
8,20
46,12
10,21
0,2
6,5
,10
6,1
1,1
,
,10
11,28
7,3
2,1
7,26
18,14
2,5
12,3
33,7
12,48
11,12
4,1
6,8
93,7
3,8
18,2
9,0
7,2
6,11
40,9
6,2
2,7
6,8
2,2
4,13
5,32
2,11
22,11
2,4
,7
2,93
16,3
24,18
,11
,8
,6
,41
7,11
11,2
6,7
6,3
5,5
3,5
14,3
16,22
15,2
16,2
7,
10,
18,
14,20
15,6
13,17
4,20
6,6
3,10
4,6
8,6
7,5
8,3
13,14
21,16
3,15
6,16
0,7
4,10
3,18
3,14
8,15
9,13
8,4
10,6
2,3
18,4
14,8
4,7
3,8
1,13
3,21
3,3
2,6
1,0
3,4
6,3
21,3
4,8
7,9
4,8
4,10
3,2
10,18
2,14
9,4
2,3
4,1
9,3
6,3
4,2
5,1
2,3
1,6
6,21
4,4
7,7
7,4
8,4
3,3
0,10
5,2
9,9
27,2
13,4
3,9
28,6
2,4
2,5
4,2
42,1
0,6
7,4
3,7
6,7
2,8
6,3
3,0
6,5
3,9
7,27
4,12
5,3
2,28
3,2
3,2
3,5
3,43
2,0
3,7
3,3
2,6
5,2
4,6
4,3
2,6
2,3
2,7
4,4
32,5
5,2
4,3
3,3
3,3
3,3
3,2
3,3
3,3
3,2
3,5
3,4
3,4
5,2
8,2
41,2
22,4
6,33
7,5
5,4
4,3
15,3
2,3
10,3
1,3
,3
,3
24,3
5,3
3,3
5,5
5,10
7,41
3,22
3,6
5,7
3,5
5,4
3,15
3,2
5,
3,
3,10
4,1
4,23
4,5
4,3
5,5
8,5
37,7
4,3
36,3
3,5
19,3
,5
,3
2,3
2,5
,3
,3
2,4
0,4
,4
2,4
0,5
,8
2,37
2,4
3,36
0,3
,23
2,0
2,4
,2
,2
2,0
14,4
4,2
,
,0
,2
15,
9,0
3,2
17,2
15,3
15,
16,0
3,2
14,2
16,0
1,4
9,2
7,14
12,4
,14
2,2
2,6
20,16
13,9
3,3
55,17
3,15
4,15
6,16
3,3
15,14
,16
,1
8,11
3,7
6,15
11,1
0,5
11,3
8,24
0,19
7,3
20,55
3,3
2,4
3,6
3,3
4,15
4,8
1,3
3,
4,
17,7
,11
,0
,12
4,8
3,0
9,7
22,20
7,3
4,2
4,3
5,3
6,4
6,4
,1
,3
18,4
9,17
7,7
9,4
9,3
,
9,
7,8
9,24
9,7
9,4
9,5
6,5
7,6
7,8
61,4
16,16
14,18
,9
,7
25,7
21,9
51,9
3,11
6,9
3,7
3,9
,9
5,9
60,9
3,6
6,7
3,61
3,16
42,17
2,9
60,3
28,25
11,22
18,51
42,3
1,6
1,3
,3
,5
,
,60
,3
,6
42,3
1,3
1,42
6,2
50,60
5,18
20,
,
42,43
2,1
20,1
1,1
16,0
4,0
,0
,0
,0
,43
,1
,1
,6
,51
,5
,20
,6
,42
11,2
32,20
9,2
11,16
12,4
14,11
29,30
19,9
1,11
4,11
36,13
34,29
25,16
97,1
3,35
18,31
10,22
11,
30,
19,
2,
4,
3,
31,
12,
28,
20,
,
27,
5,
25,100
21,3
18,18
11,10
21,11
18,26
20,14
20,
9,
14,3
13,28
70,9
8,26
3,17
3,0
37,25
7,4
,23
,19
,16
,9
10,23
1,21
14,21
43,20
2,9
1,13
42,16
3,71
3,8
5,3
3,3
3,37
3,7
2,22
4,7
3,23
3,8
2,11
2,
3,
21,44
4,2
4,1
4,42
4,3
10,3
4,5
5,4
5,3
5,3
2,2
6,4
5,3
7,3
6,2
12,2
20,3
5,21
5,4
5,4
1,4
6,4
3,10
3,4
3,5
3,5
3,5
3,2
,6
,5
,7
4,6
,11
2,20
13,5
,5
,5
1,1
,6
,3
,3
16,3
46,3
1,3
10,3
1,9
1,4
19,3
7,
5,0
46,2
13,12
9,7
,6
5,1
21,19
24,3
29,3
66,16
7,47
12,4
3,7
4,5
4,3
3,11
5,7
,5
,52
,13
,10
4,4
5,15
4,21
3,23
5,33
14,72
5,7
4,12
15,3
1,4
6,2
7,2
,6
2,2
15,2
27,3
1,5
5,2
2,5
0,4
8,3
2,5
4,14
6,5
6,4
4,15
33,1
4,9
4,7
32,2
9,2
2,16
24,27
30,1
2,6
8,2
2,0
56,11
3,2
89,4
3,6
2,6
6,4
5,34
2,4
2,4
4,33
5,10
7,2
7,25
2,32
2,2
2,8
2,2
2,51
2,3
2,89
2,3
2,2
2,6
2,5
2,2
2,2
2,4
2,5
2,7
2,7
2,2
2,2
2,2
2,2
2,2
2,2
2,2
2,2
2,2
2,2
2,2
2,2
2,2
2,2
2,2
2,2
2,2
2,2
2,2
2,2
2,2
3,2
2,2
3,2
4,2
2,2
,2
,2
,2
12,2
1,2
7,2
45,2
2,2
2,2
2,2
2,2
2,2
2,3
2,2
2,3
2,4
2,2
2,7
2,2
22,2
2,17
2,1
2,7
15,45
2,2
14,2
9,2
9,2
13,2
10,2
8,2
4,2
35,2
34,2
4,2
,2
40,21
4,2
121,2
6,2
3,19
2,2
2,13
3,8
2,7
3,12
2,10
2,7
4,4
15,35
14,34
2,4
3,6
3,40
2,4
2,121
2,6
2,3
2,2
2,2
2,3
2,2
2,3
2,2
2,2
2,4
2,15
2,14
2,2
2,3
2,3
2,2
2,2
2,2
2,2
2,2
2,2
2,2
2,2
2,2
2,2
2,2
2,2
2,2
2,2
2,2
2,2
2,2
2,2
2,2
2,2
2,2
2,2
3,2
4,2
2,2
54,2
,2
8,2
2,2
2,2
2,2
2,2
2,2
2,2
2,2
2,2
2,2
2,2
2,2
2,3
2,4
2,2
2,55
2,8
2,
2,2
2,2
2,2
2,2
2,2
25,2
2,2
2,2
2,2
2,2
,2
14,2
9,2
7,2
22,
7,2
3,2
4,2
109,2
6,2
3,2
2,2
2,28
3,2
2,2
3,2
2,2
2,0
4,14
15,9
14,7
2,21
3,8
3,3
2,4
2,111
2,6
2,3
2,2
2,2
2,3
2,2
2,3
2,2
2,2
2,4
2,15
2,14
2,2
2,3
2,3
2,2
2,2
2,2
2,2
2,2
2,2
2,2
2,2
2,2
2,2
2,2
2,2
2,2
2,2
2,2
2,2
2,2
2,2
2,2
2,2
2,2
2,2
3,2
4,2
2,2
27,2
4,2
4,2
3,2
2,2
8,2
2,2
10,2
2,2
5,2
3,2
10,2
2,2
5,2
3,3
2,4
2,2
2,27
10,4
,4
,3
,2
,8
,2
,10
,2
,5
,3
,10
2,2
2,5
10,3
137,2
6,2
3,2
2,13
2,4
3,3
2,3
3,4
2,3
2,4
4,4
17,4
2,4
1,3
14,
2,
,8
3,137
2,6
3,3
2,2
2,2
2,3
2,2
2,3
2,2
2,2
2,4
2,17
2,2
2,1
2,14
2,2
2,2
2,3
2,
2,3
2,2
2,2
2,2
2,2
2,2
2,2
2,2
2,2
2,2
2,2
2,2
2,2
2,2
2,2
2,2
2,2
2,2
2,2
2,2
2,2
2,2
2,2
2,2
2,2
2,2
2,2
2,2
2,2
2,2
3,2
2,2
3,2
4,2
2,2
12,2
7,2
11,2
,2
33,2
7,2
3,2
8,2
3,2
,2
32,2
25,2
0,3
8,2
1,3
14,4
2,2
2,8
2,7
2,7
2,11
2,38
2,7
15,4
3,9
3,
3,3
3,32
2,25
39,0
18,8
16,1
19,14
13,2
15,2
19,2
15,2
18,2
8,2
8,3
16,15
24,3
10,3
8,3
12,3
7,2
9,41
,16
25,14
2,21
9,13
4,15
5,22
11,17
1,18
,9
1,9
1,17
1,24
12,10
41,8
3,12
3,7
4,8
,3
,25
21,2
21,9
45,4
2,4
9,7
5,1
,1
,
,1
,1
8,11
5,39
3,3
45,3
,4
18,15
21,15
,22
,21
,45
,2
,9
20,5
5,13
2,5
6,14
4,8
4,8
5,9
4,3
13,48
35,17
16,22
7,26
8,7
1,4
6,4
2,4
,4
,20
,5
7,2
12,6
10,4
,4
,5
18,4
10,13
11,35
,15
,7
15,8
7,0
3,7
27,2
7,7
0,8
11,8
11,8
13,15
3,
3,10
3,14
4,18
0,12
0,13
7,18
3,15
4,
5,7
4,3
5,34
11,7
2,0
6,11
3,11
14,13
5,3
,3
,3
5,5
57,6
3,
6,7
8,3
9,4
32,5
16,6
8,6
35,11
16,2
14,7
5,3
18,14
13,6
2,0
5,5
1,
4,57
3,3
3,6
20,6
10,9
28,31
11,15
7,8
5,34
10,15
6,14
3,5
34,17
1,12
4,2
,5
,1
,4
,3
7,3
4,19
,9
,28
14,11
5,7
3,5
35,10
1,6
1,3
1,34
34,1
47,3
3,8
1,3
1,1
1,2
6,
59,
1,1
8,7
0,14
,10
,6
24,38
17,1
13,1
0,1
2,37
14,49
0,3
25,1
,1
,1
10,6
,58
18,1
13,10
0,0
,17
1,14
8,24
17,24
11,14
46,0
4,1
5,14
29,0
3,26
3,20
21,2
15,8
21,15
4,21
17,17
6,0
34,2
2,1
4,8
5,18
,11
18,46
4,4
5,5
4,24
,3
,3
,26
,11
31,6
18,
5,20
37,4
5,35
,2
4,4
5,5
4,9
11,10
31,
9,5
3,5
,23
,3
49,3
4,4
,27
,16
,5
,35
8,5
9,4
11,4
26,5
10,3
2,13
,25
,8
,
,3
,1
37,51
4,4
8,4
7,4
12,4
42,6
4,13
26,11
23,11
9,28
,10
54,2
17,11
4,5
4,13
4,5
7,0
42,30
4,3
9,8
6,7
3,10
1,40
2,4
2,21
,22
2,10
2,2
,50
2,16
2,4
2,3
,3
2,5
,38
2,2
2,7
12,4
48,3
4,1
8,
6,2
3,2
1,2
2,2
2,2
2,
2,2
2,2
2,2
2,
2,2
2,2
2,2
2,9
2,47
6,4
8,8
24,6
,3
16,1
8,2
3,2
24,2
,2
15,2
16,2
5,2
6,2
7,2
13,2
18,2
46,2
1,7
3,11
3,25
17,6
9,16
23,8
8,3
4,24
30,16
6,
5,17
4,5
7,5
6,7
7,13
17,18
4,47
5,1
6,3
3,3
,16
,9
,23
,8
,4
,30
,6
10,5
6,4
5,6
13,5
5,7
26,16
5,4
5,5
6,6
5,3
6,15
5,5
5,4
6,14
6,9
12,5
5,5
3,
4,
40,
6,11
4,5
,27
,5
4,5
,6
,5
2,6
,5
,5
7,6
10,6
,12
,5
5,3
,4
6,39
,
4,
,6
,4
4,
2,4
0,2
4,
6,8
,3
,
6,
13,7
4,10
0,
9,5
28,
6,6
6,
4,4
4,4
4,
4,2
21,0
38,4
5,6
19,4
16,9
46,6
21,13
6,4
7,0
7,9
8,28
8,6
16,6
7,4
7,4
3,4
10,4
9,21
2,38
10,5
9,19
12,16
6,46
19,21
18,6
13,7
7,7
14,8
5,8
2,16
8,7
2,7
8,3
12,10
2,9
2,2
9,10
4,9
7,12
3,6
3,21
12,18
13,13
9,8
19,14
3,5
17,2
10,8
16,2
2,8
5,12
15,2
10,2
8,9
6,4
2,7
8,3
6,3
12,12
8,13
26,9
2,19
2,3
4,17
2,10
4,16
4,2
7,5
8,15
9,10
10,8
7,6
5,2
7,8
27,6
7,12
10,8
10,26
10,2
14,2
9,4
5,2
6,4
14,4
20,7
10,8
16,9
10,10
7,7
29,5
18,7
16,27
,7
,10
41,10
4,10
,14
23,9
39,5
1,6
30,14
25,20
2,10
43,16
5,10
51,7
29,30
33,20
2,18
3,8
15,1
1,42
28,4
20,23
2,
74,39
4,1
4,30
5,25
3,2
5,45
5,5
4,51
3,29
4,33
2,2
3,3
3,15
5,1
2,28
3,20
2,2
2,73
2,4
4,5
4,5
3,3
2,5
4,5
6,4
5,3
5,4
5,2
7,3
5,3
6,5
4,2
4,3
4,2
6,2
5,2
4,4
5,4
6,3
2,2
3,4
3,6
4,5
4,5
4,5
3,7
4,5
3,6
2,4
3,4
6,4
27,6
27,5
12,4
4,5
10,6
10,2
8,3
18,3
4,4
32,4
20,4
22,3
2,4
1,3
7,2
12,3
16,7
2,27
15,28
3,9
,5
,10
27,9
1,9
13,24
4,4
9,32
24,22
15,23
5,2
3,1
7,7
6,11
13,17
4,2
9,14
18,3
14,8
7,2
3,27
4,1
24,13
3,4
3,9
6,24
4,16
3,4
3,2
13,8
12,6
25,13
4,3
4,10
4,18
5,14
3,7
3,3
3,4
2,24
4,3
3,3
4,6
3,4
3,3
,3
,13
,12
34,25
5,4
5,4
5,3
5,4
2,3
4,3
5,3
3,2
3,3
15,3
17,3
3,3
1,3
6,14
1,1
2,1
2,35
32,5
12,5
26,5
8,5
15,2
11,4
7,5
5,3
3,3
3,15
7,17
15,3
14,1
14,6
14,1
14,2
14,2
14,32
14,12
11,26
10,8
10,16
1,11
6,
14,7
14,3
13,4
13,9
14,15
14,14
14,14
13,14
25,14
25,14
27,14
19,14
20,11
15,11
16,10
21,
21,
21,14
25,14
21,13
16,13
,14
7,14
42,14
,13
4,25
8,25
11,27
4,19
21,20
1,15
19,16
10,21
19,21
9,21
17,25
4,21
5,16
38,1
8,7
9,42
5,5
11,4
5,8
9,11
10,4
10,21
8,1
11,18
11,10
7,19
8,9
8,17
7,4
7,5
5,38
5,8
7,9
5,5
5,11
7,5
5,9
8,10
5,10
5,8
5,11
6,11
5,7
2,8
2,8
2,7
0,7
1,5
0,5
1,7
1,4
1,5
1,7
1,5
1,8
2,5
8,5
6,5
14,6
5,5
37,2
51,2
37,2
6,0
6,1
6,0
6,1
4,1
2,1
15,1
35,1
9,1
26,2
22,8
6,6
6,16
23,5
0,40
0,53
2,39
2,6
2,6
8,6
1,6
10,4
2,2
8,15
12,37
,9
6,26
5,25
5,7
7,7
5,23
10,0
24,0
,2
24,2
10,4
13,7
11,0
5,8
51,3
51,9
33,10
23,0
11,4
5,5
26,5
18,7
17,5
44,10
4,30
15,3
11,17
12,10
14,12
12,14
17,5
11,52
,51
22,35
24,23
17,12
20,5
,26
13,18
8,17
23,44
6,4
,16
15,11
1,12
,14
16,17
4,16
2,11
,2
2,22
3,24
,17
,
,20
10,13
5,8
14,23
,6
18,21
,16
12,1
16,3
3,18
4,4
3,3
,3
6,2
0,3
5,6
9,7
,5
,9
,6
,15
3,2
15,17
10,2
5,16
0,16
12,3
,3
,3
,3
1,5
,0
12,5
9,9
3,2
5,5
3,3
20,12
2,2
2,15
1,11
4,6
2,0
1,12
8,3
13,3
26,2
3,1
2,6
2,14
2,9
1,3
3,
3,
11,20
15,2
4,2
10,1
0,4
5,2
10,1
,8
9,13
13,26
15,3
7,2
6,2
20,2
17,1
13,3
9,3
30,11
17,13
,4
6,11
,0
8,6
5,17
7,11
3,
16,13
4,12
7,
7,
22,23
2,18
7,14
21,14
2,31
6,17
6,8
5,
,3
,8
,5
,7
,3
,16
55,4
2,7
4,7
2,22
2,2
17,7
11,21
9,2
3,
15,
3,
4,12
3,4
4,5
11,29
2,2
4,8
4,61
7,2
5,4
,2
60,2
22,16
4,11
2,
40,
36,12
48,3
2,4
16,3
19,4
4,4
26,2
10,4
9,4
48,7
21,
6,2
4,60
3,23
4,5
21,2
,40
30,36
74,48
7,2
17,16
9,20
4,4
4,31
,11
15,11
3,51
,21
5,6
26,4
19,3
1,1
21,4
13,21
2,8
2,35
1,81
15,7
3,17
,22
20,5
30,4
0,4
68,16
1,3
69,5
1,
19,26
12,19
18,
33,21
0,13
0,2
1,2
0,7
11,15
4,3
22,2
6,21
6,30
15,0
14,68
2,1
18,69
1,1
27,21
5,12
5,18
11,33
50,0
21,0
0,1
15,0
10,14
18,4
16,25
23,6
5,6
7,15
4,14
11,2
20,18
3,1
7,27
19,5
0,5
2,11
3,50
,21
11,0
1,15
4,11
1,18
2,17
3,24
12,5
9,7
4,4
,14
,20
,3
39,7
5,19
3,0
4,2
4,3
4,7
3,11
,1
,4
2,2
12,
6,
10,7
8,
5,4
4,15
8,1
10,5
2,38
10,5
16,3
4,4
25,4
1,4
1,3
10,3
8,3
14,
12,
4,
1,
1,
9,
1,
18,
2,
4,
10,
10,
20,
4,
6,
17,
6,
5,
10,
1,
0,
49,
5,
3,
10,
43,
56,
0,
1,
2,
0,
0,
1,
2,
3,
0,
1,
1,3
1,0
1,49
0,5
0,3
0,10
0,42
0,55
3,0
2,1
0,1
0,0
1,0
1,1
1,2
2,3
3,0
2,1
2,1
1,1
2,1
1,0
2,0
2,0
1,0
1,0
1,3
1,2
0,0
1,0
7,1
2,1
7,1
0,2
0,3
0,2
2,2
0,1
2,2
0,1
2,2
19,2
2,1
1,1
0,1
0,1
1,0
8,1
15,6
5,2
3,6
13,0
,0
6,0
5,2
,0
,2
18,0
32,2
10,20
2,2
12,1
5,0
57,0
6,1
2,10
4,15
5,5
11,3
31,12
4,5
6,5
7,4
6,3
5,3
7,20
10,32
2,10
2,2
2,14
2,6
2,57
3,6
5,2
1,4
4,5
1,11
6,31
7,4
6,6
6,7
6,6
6,5
10,7
6,10
6,2
6,2
6,2
6,2
5,2
5,3
8,5
12,1
6,4
8,1
4,6
12,7
12,6
36,6
2,6
5,6
9,10
2,6
2,6
12,6
5,6
0,6
3,5
1,5
12,8
0,12
23,6
4,8
,4
25,12
0,12
4,37
0,2
26,5
2,9
4,2
2,2
19,13
29,5
29,0
2,3
0,2
13,12
2,0
2,24
11,4
18,0
19,25
3,0
,4
2,0
,26
,2
9,4
20,2
7,19
8,29
10,29
10,2
3,0
14,14
0,2
,
,14
85,18
6,19
2,
3,3
7,
2,2
8,3
12,9
2,21
4,7
4,8
3,10
4,2
13,3
3,
8,
20,12
5,0
1,87
6,6
11,2
23,3
16,7
10,2
67,8
34,12
30,2
10,4
1,4
6,3
6,4
7,13
6,3
43,8
49,20
49,5
47,1
24,6
7,11
5,23
9,16
49,12
10,69
15,34
5,30
40,10
24,1
4,7
5,6
5,7
3,6
2,43
0,49
4,49
7,50
6,24
3,7
3,5
6,9
4,49
6,10
3,15
3,5
3,41
0,23
3,4
3,5
3,5
3,3
3,2
3,0
3,4
3,7
3,6
5,3
0,3
4,6
4,4
4,6
4,3
4,3
4,3
1,0
0,3
7,3
62,3
5,3
2,3
2,3
3,3
3,3
2,3
75,5
8,0
4,4
15,4
17,4
3,4
53,4
27,4
0,1
24,0
3,7
6,62
40,5
6,2
14,2
17,3
4,3
6,2
5,76
18,8
50,4
1,14
3,17
3,3
8,53
6,27
2,0
10,24
6,3
11,7
8,40
49,6
1,14
55,17
1,6
16,7
67,5
10,18
19,50
5,1
5,3
1,3
8,7
3,7
3,2
4,10
16,5
19,11
19,9
17,50
5,1
23,56
2,1
9,16
23,67
6,10
9,19
16,5
28,5
11,2
11,8
15,3
7,4
15,5
7,17
7,20
7,19
12,17
7,5
7,24
9,2
12,11
15,24
7,6
15,10
7,18
10,29
12,12
12,11
1,15
5,8
4,15
17,8
3,8
9,8
65,12
17,8
20,8
16,10
3,12
11,15
4,8
5,15
1,8
5,11
3,12
,12
3,1
7,5
7,5
2,18
11,3
13,9
6,65
25,17
10,20
4,18
4,3
7,11
22,6
34,7
3,1
76,6
7,4
58,2
11,3
13,8
51,9
7,2
28,12
3,13
12,6
1,25
15,10
4,4
4,4
34,8
,22
,31
,3
66,72
2,7
4,
0,
14,
5,49
6,7
6,25
4,3
12,12
7,1
24,15
24,4
23,4
15,32
0,55
4,11
25,13
2,65
1,2
13,4
5,0
4,14
2,4
1,5
4,6
1,4
8,12
1,7
1,23
1,23
6,23
17,16
7,0
5,4
1,29
7,2
3,1
6,13
2,4
60,4
5,2
1,1
2,4
2,1
30,8
3,1
14,1
12,1
2,6
6,17
8,7
7,5
6,1
9,7
12,3
11,6
8,2
2,60
11,5
7,1
102,2
9,2
14,35
2,3
35,14
4,12
3,2
24,6
53,8
4,7
4,6
2,9
19,12
9,10
2,8
6,2
3,11
3,7
3,102
3,9
6,14
61,2
5,35
6,4
2,3
2,24
18,53
0,4
0,4
0,2
3,19
0,10
0,2
0,6
0,3
21,3
10,3
10,4
8,6
12,61
13,5
6,6
8,2
10,2
43,21
6,0
21,0
7,0
10,3
,0
4,0
,0
12,0
11,19
9,9
,9
8,9
7,13
9,13
3,14
5,8
2,
9,42
3,6
6,25
5,7
5,11
6,6
3,5
3,10
5,11
9,11
6,9
11,0
10,6
21,7
7,10
2,3
6,6
1,2
2,8
5,3
0,6
2,5
4,5
1,6
4,3
0,3
0,5
0,13
0,6
0,11
0,12
4,24
10,7
2,2
2,6
,1
,2
,4
,0
,2
,4
2,1
8,4
14,0
,0
16,0
10,0
33,0
7,0
6,4
18,10
14,3
15,
9,8
28,4
32,5
37,3
5,5
12,6
30,
15,10
1,11
2,11
19,16
2,10
28,33
1,8
4,7
25,18
3,14
4,15
,9
5,28
29,32
12,37
4,6
4,12
4,30
4,15
4,1
6,2
4,19
9,2
2,28
13,1
10,4
6,22
,3
41,4
26,3
38,5
0,29
39,14
26,4
32,4
17,4
29,4
37,4
18,6
7,4
6,9
0,2
10,13
9,9
1,
20,6
38,41
3,28
,38
6,0
,40
45,27
1,35
9,20
30,29
11,37
8,17
17,8
3,7
12,0
12,11
18,10
12,1
13,20
2,37
2,5
2,7
3,6
4,6
4,45
4,1
,9
58,32
,13
3,8
,16
13,3
4,11
13,15
6,19
25,13
2,13
42,2
11,2
26,2
6,3
6,4
5,4
1,4
13,0
1,60
4,5
2,
17,3
8,13
15,4
65,14
4,7
2,25
34,2
12,42
14,11
1,26
11,6
2,6
15,5
32,1
4,13
2,1
10,4
29,2
3,17
3,8
3,15
5,67
20,4
6,2
4,37
,12
6,17
,2
6,13
3,2
3,17
3,32
,4
6,2
4,10
7,26
5,3
4,3
4,3
4,3
3,21
3,6
,4
8,6
4,
7,6
7,
,3
7,3
4,3
6,5
,4
5,
5,6
5,
4,4
3,4
3,4
4,3
6,3
22,7
5,4
3,
3,6
11,6
1,7
33,
5,4
24,6
3,5
8,3
16,4
6,4
22,
2,4
,4
13,4
20,6
10,22
27,5
7,3
32,3
,9
,2
,34
39,5
,24
38,3
42,7
24,16
15,6
28,24
,2
9,1
19,17
4,22
25,10
2,29
41,10
11,32
43,15
12,2
20,2
9,43
21,1
,38
10,42
10,27
9,15
10,32
11,2
5,9
5,18
5,6
6,26
32,2
21,42
13,11
33,43
13,13
0,20
13,9
,
5,21
,9
10,10
,9
46,10
1,11
9,5
52,5
4,5
40,6
11,32
2,22
11,13
2,39
2,12
10,0
9,13
8,10
11,7
11,2
11,10
5,8
6,46
9,1
9,11
8,53
10,4
3,40
2,11
2,2
12,11
4,2
6,2
6,10
11,9
3,8
5,11
2,11
2,11
2,5
3,6
6,9
2,9
2,8
2,10
5,3
,2
,2
,12
,4
,6
51,6
7,11
1,3
31,5
22,2
21,2
11,2
,3
,6
5,2
7,2
4,2
7,5
10,26
9,11
8,2
4,11
7,2
6,51
7,7
7,6
7,33
7,23
14,
8,
1,21
6,11
7,6
6,8
7,4
6,8
11,11
7,10
23,9
7,5
8,8
7,7
14,8
11,8
11,8
17,8
2,15
2,9
97,1
2,7
69,7
7,7
0,8
0,7
,12
62,8
20,23
8,7
15,8
11,7
5,15
10,12
16,12
2,11
47,2
10,2
,99
10,2
7,69
24,6
9,0
14,0
16,0
4,62
8,20
7,8
6,15
11,11
7,5
32,10
7,16
5,2
4,47
4,9
0,6
7,10
9,7
28,25
6,9
54,14
28,16
5,4
1,8
21,7
63,6
4,11
2,10
30,32
18,7
3,5
12,3
7,15
6,
37,6
9,9
2,28
19,6
1,54
1,28
30,5
2,1
7,22
10,63
7,4
10,2
5,33
47,19
1,3
26,12
4,7
31,6
6,37
5,9
4,2
31,19
11,1
,1
6,30
,2
9,7
36,10
6,7
7,11
40,5
3,48
3,1
17,30
16,4
24,36
,6
27,5
19,4
13,31
25,9
15,6
48,
,4
1,9
10,36
13,5
25,7
9,39
7,3
68,3
5,16
18,17
81,25
13,1
1,28
4,20
6,14
,26
7,16
21,49
13,3
14,1
4,12
9,14
6,24
9,9
,7
14,67
37,5
3,
3,80
17,13
34,1
3,
3,6
26,4
,7
,
,
,14
,4
,9
21,7
16,10
21,14
3,
3,40
0,3
,3
,17
,40
12,3
15,3
,27
6,2
6,2
6,2
17,2
,2
4,2
3,21
4,17
4,21
5,3
5,2
5,0
5,4
5,1
5,0
3,11
3,19
5,5
5,6
5,6
5,4
5,17
5,4
3,
14,3
13,4
38,4
2,5
,5
2,5
2,5
2,5
,5
4,3
4,3
,5
,5
,5
,5
,5
,5
,3
,14
,13
19,42
,
9,2
123,2
1,2
0,2
30,2
21,
4,4
56,4
,2
,2
,2
31,2
16,2
12,2
11,2
4,2
5,19
50,3
3,9
5,123
3,1
6,0
,28
25,
2,
9,54
32,28
31,4
2,3
8,30
,18
2,13
,11
,4
,5
,51
,3
,5
,3
,11
,5
,25
,4
,10
,33
,31
,
,8
,2
,2
